会社コード,会社名,取引日,始値,高値,低値,終値,取引高
1301,(株)極洋,2023/11/17,3730,3755,3715,3755,11600
1332,(株)ニッスイ,2023/11/17,699.1,706.3,698.1,705.5,1012900
1333,マルハニチロ(株),2023/11/17,2736,2775,2736,2773,162600
1375,(株)雪国まいたけ,2023/11/17,932,940,931,940,56800
1377,(株)サカタのタネ,2023/11/17,4055,4065,4030,4065,49300
1379,ホクト(株),2023/11/17,1735,1743,1729,1736,79600
1413,(株)ヒノキヤグループ,2023/11/17,---,---,---,---,---
1414,ショーボンドホールディングス(株),2023/11/17,6047,6100,6008,6098,60700
1417,(株)ミライト・ワン,2023/11/17,1832,1870.5,1832,1867,291800
1419,タマホーム(株),2023/11/17,3595,3660,3595,3655,342200
1429,(株)日本アクア,2023/11/17,900,922,900,913,103100
1430,ファーストコーポレーション(株),2023/11/17,747,757,747,757,26800
1433,ベステラ(株),2023/11/17,1026,1058,1026,1046,41700
1435,(株)Ｒｏｂｏｔ　Ｈｏｍｅ,2023/11/17,184,184,182,184,122700
1515,日鉄鉱業(株),2023/11/17,5250,5370,5240,5310,62100
1518,三井松島ホールディングス(株),2023/11/17,2636,2720,2620,2720,192800
1605,(株)ＩＮＰＥＸ,2023/11/17,2024.5,2083,2022,2082.5,10233800
1662,石油資源開発(株),2023/11/17,5280,5530,5280,5510,364200
1663,Ｋ＆Ｏエナジーグループ(株),2023/11/17,2148,2195,2148,2195,97400
1712,(株)ダイセキ環境ソリューション,2023/11/17,954,966,951,963,72800
1716,第一カッター興業(株),2023/11/17,1285,1291,1272,1291,16400
1719,安藤ハザマ,2023/11/17,1078,1098,1078,1098,518700
1720,東急建設(株),2023/11/17,783,803,783,803,418100
1721,コムシスホールディングス(株),2023/11/17,3200,3220,3153,3202,361200
1726,(株)ビーアールホールディングス,2023/11/17,346,352,346,352,188900
1762,(株)高松コンストラクショングループ,2023/11/17,2730,2740,2693,2733,42400
1766,東建コーポレーション(株),2023/11/17,8020,8150,8020,8140,30400
1780,(株)ヤマウラ,2023/11/17,1345,1398,1343,1398,51800
1786,オリエンタル白石(株),2023/11/17,320,325,320,325,333900
1801,大成建設(株),2023/11/17,5370,5488,5360,5487,765900
1802,(株)大林組,2023/11/17,1305,1319,1298.5,1316,2478600
1803,清水建設(株),2023/11/17,965,992.8,964.1,992.8,3291100
1805,飛島建設(株),2023/11/17,1293,1320,1290,1320,101500
1808,(株)長谷工コーポレーション,2023/11/17,1830.5,1846,1815,1845.5,675600
1810,松井建設(株),2023/11/17,763,778,763,778,13700
1812,鹿島,2023/11/17,2295,2356,2291,2354.5,2545100
1813,(株)不動テトラ,2023/11/17,2051,2097,2051,2097,57900
1814,大末建設(株),2023/11/17,1298,1312,1298,1307,38200
1815,鉄建建設(株),2023/11/17,1976,2000,1976,1998,16800
1820,西松建設(株),2023/11/17,3680,3733,3678,3733,166400
1821,三井住友建設(株),2023/11/17,397,403,396,403,441800
1822,大豊建設(株),2023/11/17,3560,3655,3555,3650,63700
1833,(株)奥村組,2023/11/17,4485,4560,4480,4560,131900
1835,東鉄工業(株),2023/11/17,2886,2940,2886,2937,49700
1847,(株)イチケン,2023/11/17,2273,2301,2270,2293,8800
1852,(株)淺沼組,2023/11/17,3665,3715,3660,3705,96600
1860,戸田建設(株),2023/11/17,923,928.4,915,918.5,1016700
1861,(株)熊谷組,2023/11/17,3480,3520,3470,3510,164000
1870,矢作建設工業(株),2023/11/17,1268,1295,1268,1295,46900
1871,(株)ピーエス三菱,2023/11/17,933,936,929,934,548700
1873,(株)日本ハウスホールディングス,2023/11/17,336,337,335,336,135400
1878,大東建託(株),2023/11/17,15980,16140,15970,16085,204600
1879,新日本建設(株),2023/11/17,1104,1138,1104,1132,181700
1882,東亜道路工業(株),2023/11/17,6500,6770,6450,6770,40100
1884,日本道路(株),2023/11/17,1878,1901,1876,1901,39400
1885,東亜建設工業(株),2023/11/17,3700,3840,3700,3815,163700
1887,日本国土開発(株),2023/11/17,597,607,597,606,226700
1888,若築建設(株),2023/11/17,2930,2967,2925,2959,9500
1890,東洋建設(株),2023/11/17,1243,1248,1239,1243,281900
1893,五洋建設(株),2023/11/17,785.9,816,785.4,815.6,2164800
1898,世紀東急工業(株),2023/11/17,1578,1609,1578,1609,271400
1899,(株)福田組,2023/11/17,5090,5160,5080,5160,11600
1911,住友林業(株),2023/11/17,3675,3759,3653,3753,1170500
1925,大和ハウス工業(株),2023/11/17,4250,4311,4241,4287,1380200
1926,ライト工業(株),2023/11/17,1945,1978,1937,1978,97700
1928,積水ハウス(株),2023/11/17,3025,3045,3006,3044,2262400
1929,日特建設(株),2023/11/17,1028,1043,1027,1043,38900
1930,北陸電気工事(株),2023/11/17,946,967,946,967,28700
1934,(株)ユアテック,2023/11/17,955,978,952,978,72100
1938,日本リーテック(株),2023/11/17,1235,1265,1227,1258,37100
1939,(株)四電工,2023/11/17,2855,2876,2844,2874,19900
1941,(株)中電工,2023/11/17,2373,2419,2373,2419,34200
1942,(株)関電工,2023/11/17,1326,1356,1326,1353,320900
1944,(株)きんでん,2023/11/17,2200,2252,2196,2251.5,281600
1945,(株)東京エネシス,2023/11/17,954,969,954,969,17400
1946,(株)トーエネック,2023/11/17,4025,4125,4025,4115,9400
1949,住友電設(株),2023/11/17,2523,2570,2520,2570,27400
1950,日本電設工業(株),2023/11/17,2001,2041,1996,2041,29300
1951,エクシオグループ(株),2023/11/17,3150,3203,3142,3203,269300
1952,新日本空調(株),2023/11/17,2165,2196,2165,2194,22600
1954,日本工営(株),2023/11/17,---,---,---,---,---
1959,(株)九電工,2023/11/17,4368,4432,4368,4431,83700
1961,三機工業(株),2023/11/17,1748,1773,1745,1772,87700
1963,日揮ホールディングス(株),2023/11/17,1601.5,1612,1594.5,1612,1085300
1964,中外炉工業(株),2023/11/17,2100,2150,2100,2150,21200
1968,太平電業(株),2023/11/17,3940,3960,3880,3945,13600
1969,高砂熱学工業(株),2023/11/17,2939,3070,2934,3070,302900
1973,ＮＥＣネッツエスアイ(株),2023/11/17,2172,2201,2152,2201,389600
1975,(株)朝日工業社,2023/11/17,2745,2790,2735,2789,13400
1976,明星工業(株),2023/11/17,1110,1120,1100,1120,122600
1979,(株)大気社,2023/11/17,4265,4280,4205,4280,98700
1980,ダイダン(株),2023/11/17,1448,1480,1448,1479,35000
1982,日比谷総合設備(株),2023/11/17,2218,2244,2212,2244,18700
2001,(株)ニップン,2023/11/17,2215,2255,2212,2255,124700
2002,(株)日清製粉グループ本社,2023/11/17,2112.5,2130.5,2107.5,2128.5,731700
2004,昭和産業(株),2023/11/17,3060,3110,3050,3110,42100
2053,中部飼料(株),2023/11/17,1044,1053,1042,1053,41700
2060,フィード・ワン(株),2023/11/17,751,761,751,761,44100
2108,日本甜菜製糖(株),2023/11/17,1948,1963,1935,1963,15700
2109,ＤＭ三井製糖ホールディングス(株),2023/11/17,3015,3050,2988,3050,31400
2117,ウェルネオシュガー(株),2023/11/17,2044,2060,2035,2060,46200
2120,(株)ＬＩＦＵＬＬ,2023/11/17,192,196,191,192,690300
2121,(株)ＭＩＸＩ,2023/11/17,2280,2304,2269,2301,200500
2124,ＪＡＣ　Ｒｅｃｒｕｉｔｍｅｎｔ,2023/11/17,2630,2646,2605,2628,142500
2127,(株)日本Ｍ＆Ａセンターホールディングス,2023/11/17,663.7,672,659.6,671.6,3599200
2130,(株)メンバーズ,2023/11/17,1073,1073,1040,1040,148600
2146,ＵＴグループ(株),2023/11/17,2153,2206,2127,2202,349600
2148,アイティメディア(株),2023/11/17,935,994,934,994,126700
2153,Ｅ・Ｊホールディングス(株),2023/11/17,1618,1628,1609,1628,66300
2154,(株)オープンアップグループ,2023/11/17,2048,2082,2043,2082,103100
2157,(株)コシダカホールディングス,2023/11/17,1035,1058,1035,1058,286400
2163,(株)アルトナー,2023/11/17,1695,1741,1685,1741,36800
2168,(株)パソナグループ,2023/11/17,1932,2060,1908,2052,1698000
2170,(株)リンクアンドモチベーション,2023/11/17,491,497,477,495,672000
2175,(株)エス・エム・エス,2023/11/17,2576,2619,2558,2613.5,404200
2180,(株)サニーサイドアップグループ,2023/11/17,644,675,639,675,43000
2181,パーソルホールディングス(株),2023/11/17,239.1,241.9,234.8,241.9,13852700
2183,(株)リニカル,2023/11/17,534,546,523,546,50300
2196,(株)エスクリ,2023/11/17,271,302,270,293,496500
2198,アイ・ケイ・ケイホールディングス(株),2023/11/17,655,655,647,652,42000
2201,森永製菓(株),2023/11/17,5494,5528,5470,5496,226300
2204,(株)中村屋,2023/11/17,3060,3080,3060,3080,3900
2206,江崎グリコ(株),2023/11/17,4080,4155,4073,4136,170000
2207,名糖産業(株),2023/11/17,1610,1619,1609,1618,13000
2209,井村屋グループ(株),2023/11/17,2291,2318,2291,2315,9700
2211,(株)不二家,2023/11/17,2520,2534,2513,2534,37600
2212,山崎製パン(株),2023/11/17,3084,3199,3084,3196,793900
2217,モロゾフ(株),2023/11/17,3810,3860,3810,3860,4800
2220,亀田製菓(株),2023/11/17,3850,3890,3850,3880,42300
2222,寿スピリッツ(株),2023/11/17,2332,2370,2304.5,2361.5,717000
2229,カルビー(株),2023/11/17,2701,2731.5,2698.5,2730,289800
2264,森永乳業(株),2023/11/17,5394,5565,5377,5494,398400
2266,六甲バター(株),2023/11/17,1401,1417,1401,1416,13100
2267,(株)ヤクルト本社,2023/11/17,3384,3384,3321,3368,3156900
2269,明治ホールディングス(株),2023/11/17,3364,3414,3345,3414,1174900
2270,雪印メグミルク(株),2023/11/17,2173,2237,2173,2230,202300
2281,プリマハム(株),2023/11/17,2206,2226,2206,2226,90500
2282,日本ハム(株),2023/11/17,4291,4368,4284,4360,457900
2288,丸大食品(株),2023/11/17,1584,1607,1583,1607,31600
2292,Ｓ　ＦＯＯＤＳ(株),2023/11/17,3340,3340,3285,3305,29100
2294,(株)柿安本店,2023/11/17,2479,2479,2455,2478,10500
2296,伊藤ハム米久ホールディングス(株),2023/11/17,3920,3955,3920,3950,66400
2301,(株)学情,2023/11/17,1786,1817,1783,1817,59100
2305,(株)スタジオアリス,2023/11/17,2040,2060,2040,2059,26100
2307,(株)クロスキャット,2023/11/17,1098,1115,1098,1115,24100
2309,シミックホールディングス(株),2023/11/17,2643,2644,2643,2643,145400
2311,(株)エプコ,2023/11/17,768,776,768,774,6900
2317,(株)システナ,2023/11/17,260,265,259,264,1252900
2325,(株)ＮＪＳ,2023/11/17,2627,2661,2613,2661,37900
2326,デジタルアーツ(株),2023/11/17,4615,4630,4525,4540,35800
2327,日鉄ソリューションズ(株),2023/11/17,4620,4705,4605,4695,114400
2331,ＡＬＳＯＫ,2023/11/17,833.5,853,831.1,850.6,1182400
2335,(株)キューブシステム,2023/11/17,1073,1087,1073,1087,10200
2337,いちご(株),2023/11/17,346,347,343,345,433200
2352,(株)ＷＯＷ　ＷＯＲＬＤ,2023/11/17,---,---,---,---,---
2353,日本駐車場開発(株),2023/11/17,202,205,201,205,1323400
2359,(株)コア,2023/11/17,1728,1760,1725,1751,15000
2371,(株)カカクコム,2023/11/17,1650,1657.5,1640.5,1653,1242900
2372,(株)アイロムグループ,2023/11/17,1950,1987,1914,1928,85800
2374,セントケア・ホールディング(株),2023/11/17,904,919,897,919,27400
2378,(株)ルネサンス,2023/11/17,861,863,856,862,51700
2379,ディップ(株),2023/11/17,3120,3160,3105,3160,162300
2384,ＳＢＳホールディングス(株),2023/11/17,2520,2556,2511,2553,42700
2389,(株)デジタルホールディングス,2023/11/17,1118,1133,1118,1133,27700
2395,(株)新日本科学,2023/11/17,1566,1603,1560,1602,278700
2410,(株)キャリアデザインセンター,2023/11/17,1807,1837,1796,1822,34500
2412,(株)ベネフィット・ワン,2023/11/17,1442.5,1493.5,1442.5,1489,3087700
2413,エムスリー(株),2023/11/17,2450,2461.5,2407,2418.5,2931400
2418,(株)ツカダ・グローバルホールディング,2023/11/17,376,379,374,378,94000
2424,(株)ブラス,2023/11/17,695,700,680,700,34000
2427,(株)アウトソーシング,2023/11/17,1139.5,1155,1110,1152.5,2098400
2428,ウェルネット(株),2023/11/17,552,558,552,558,45700
2429,(株)ワールドホールディングス,2023/11/17,2541,2556,2507,2556,222500
2432,(株)ディー・エヌ・エー,2023/11/17,1513,1513,1491,1499,439800
2433,(株)博報堂ＤＹホールディングス,2023/11/17,1076,1077,1049,1075,2359300
2440,(株)ぐるなび,2023/11/17,294,294,289,291,146300
2445,(株)タカミヤ,2023/11/17,462,475,462,475,31300
2453,ジャパンベストレスキューシステム(株),2023/11/17,997,998,997,997,221900
2461,(株)ファンコミュニケーションズ,2023/11/17,407,410,407,410,61700
2462,ライク(株),2023/11/17,1402,1418,1401,1418,42900
2464,(株)Ａｏｂａ−ＢＢＴ,2023/11/17,399,403,399,403,18600
2471,(株)エスプール,2023/11/17,383,393,378,393,1498000
2475,ＷＤＢホールディングス(株),2023/11/17,2209,2220,2191,2220,18200
2477,手間いらず(株),2023/11/17,2428,2453,2397,2420,44400
2489,(株)アドウェイズ,2023/11/17,531,533,516,529,117900
2491,バリューコマース(株),2023/11/17,1240,1266,1237,1266,198300
2492,(株)インフォマート,2023/11/17,449,450,422,442,2366600
2501,サッポロホールディングス(株),2023/11/17,5722,5860,5700,5825,758000
2502,アサヒグループホールディングス(株),2023/11/17,5500,5605,5493,5570,3575900
2503,キリンホールディングス(株),2023/11/17,2149,2181.5,2147.5,2179.5,2795100
2531,宝ホールディングス(株),2023/11/17,1182.5,1202.5,1182.5,1200,446000
2533,オエノンホールディングス(株),2023/11/17,378,383,377,381,142100
2540,養命酒製造(株),2023/11/17,1843,1845,1838,1838,7100
2579,コカ・コーラ　ボトラーズジャパンホールディングス(株),2023/11/17,1932,1948.5,1927,1946.5,1081300
2587,サントリー食品インターナショナル(株),2023/11/17,4687,4790,4680,4780,837800
2590,ダイドーグループホールディングス(株),2023/11/17,5900,5990,5890,5990,24300
2593,(株)伊藤園,2023/11/17,4734,4783,4703,4780,179900
2594,キーコーヒー(株),2023/11/17,2065,2077,2065,2075,55500
2602,日清オイリオグループ(株),2023/11/17,4250,4325,4240,4325,68000
2607,不二製油グループ本社(株),2023/11/17,2405,2464.5,2405,2463,233100
2613,(株)Ｊ−オイルミルズ,2023/11/17,1930,1974,1922,1974,87900
2651,(株)ローソン,2023/11/17,7175,7302,7166,7302,284500
2659,(株)サンエー,2023/11/17,4540,4590,4530,4590,57200
2664,(株)カワチ薬品,2023/11/17,2390,2413,2389,2413,30900
2670,(株)エービーシー・マート,2023/11/17,2368,2451.5,2366,2447.5,453700
2674,(株)ハードオフコーポレーション,2023/11/17,1474,1512,1474,1512,43200
2676,高千穂交易(株),2023/11/17,3170,3250,3170,3240,25600
2678,アスクル(株),2023/11/17,2020,2024,1973,2007,791800
2681,(株)ゲオホールディングス,2023/11/17,2371,2401,2337,2366,372900
2685,(株)アダストリア,2023/11/17,3375,3440,3350,3425,219500
2692,伊藤忠食品(株),2023/11/17,7360,7460,7300,7450,6500
2695,くら寿司(株),2023/11/17,3570,3610,3545,3610,78200
2715,エレマテック(株),2023/11/17,1676,1687,1673,1687,81100
2722,(株)ＩＫホールディングス,2023/11/17,343,347,342,345,20300
2726,(株)パルグループホールディングス,2023/11/17,2070,2116,2066,2103,224500
2730,(株)エディオン,2023/11/17,1462,1472,1454,1472,305900
2733,(株)あらた,2023/11/17,6290,6380,6260,6370,28000
2734,(株)サーラコーポレーション,2023/11/17,722,729,721,729,556300
2735,(株)ワッツ,2023/11/17,536,537,529,532,65100
2737,(株)トーメンデバイス,2023/11/17,4920,4955,4865,4945,25000
2742,(株)ハローズ,2023/11/17,4435,4505,4365,4385,56700
2749,(株)ＪＰホールディングス,2023/11/17,374,379,370,378,287500
2752,(株)フジオフードグループ本社,2023/11/17,1439,1463,1439,1462,77200
2753,(株)あみやき亭,2023/11/17,3685,3695,3670,3685,5000
2760,東京エレクトロン　デバイス(株),2023/11/17,4450,4590,4380,4590,554900
2764,(株)ひらまつ,2023/11/17,244,250,244,250,162900
2767,円谷フィールズホールディングス(株),2023/11/17,1205,1277,1191,1258,3622900
2768,双日(株),2023/11/17,3076,3138,3071,3137,1237500
2784,アルフレッサ　ホールディングス(株),2023/11/17,2415.5,2508.5,2415.5,2507.5,1270400
2791,大黒天物産(株),2023/11/17,6260,6300,6200,6290,23400
2792,(株)ハニーズホールディングス,2023/11/17,1586,1602,1575,1602,67200
2796,ファーマライズホールディングス(株),2023/11/17,653,657,650,655,13000
2801,キッコーマン(株),2023/11/17,9489,9566,9409,9490,591300
2802,味の素(株),2023/11/17,5645,5688,5585,5688,1851500
2804,ブルドックソース(株),2023/11/17,2064,2092,2051,2092,10900
2809,キユーピー(株),2023/11/17,2518,2554.5,2512,2554.5,452400
2810,ハウス食品グループ本社(株),2023/11/17,3368,3430,3361,3430,225700
2811,カゴメ(株),2023/11/17,3170,3197,3167,3197,171400
2815,アリアケジャパン(株),2023/11/17,4650,4710,4605,4700,64800
2818,(株)ピエトロ,2023/11/17,1822,1831,1822,1829,3300
2820,(株)やまみ,2023/11/17,2779,2847,2697,2847,49100
2871,(株)ニチレイ,2023/11/17,3232,3269,3223,3268,373500
2874,ヨコレイ,2023/11/17,1124,1130,1115,1128,80400
2875,東洋水産(株),2023/11/17,7925,7943,7865,7940,517400
2882,(株)イートアンドホールディングス,2023/11/17,1960,1979,1960,1979,28700
2884,(株)ヨシムラ・フード・ホールディングス,2023/11/17,1055,1137,1048,1114,706700
2897,日清食品ホールディングス(株),2023/11/17,14405,14450,14155,14435,478600
2899,(株)永谷園ホールディングス,2023/11/17,2168,2190,2166,2190,27200
2904,一正蒲鉾(株),2023/11/17,734,743,733,739,10300
2908,フジッコ(株),2023/11/17,1952,1968,1952,1968,25400
2910,(株)ロック・フィールド,2023/11/17,1609,1630,1607,1630,36200
2914,ＪＴ,2023/11/17,3751,3780,3740,3775,6214800
2915,ケンコーマヨネーズ(株),2023/11/17,1541,1606,1540,1592,64900
2918,わらべや日洋ホールディングス(株),2023/11/17,3395,3440,3390,3440,55600
2922,(株)なとり,2023/11/17,2007,2020,2002,2020,15700
2925,(株)ピックルスコーポレーション,2023/11/17,---,---,---,---,---
2929,(株)ファーマフーズ,2023/11/17,1350,1364,1331,1363,241500
2930,(株)北の達人コーポレーション,2023/11/17,195,196,192,195,551000
2931,(株)ユーグレナ,2023/11/17,755,776,751,774,665800
2933,(株)紀文食品,2023/11/17,1123,1158,1119,1158,54400
2975,スター・マイカ・ホールディングス(株),2023/11/17,603,610,602,610,59300
2980,ＳＲＥホールディングス(株),2023/11/17,2595,2627,2515,2583,262400
2982,(株)ＡＤワークスグループ,2023/11/17,233,240,233,236,694200
3002,グンゼ(株),2023/11/17,4765,4810,4745,4810,31900
3003,ヒューリック(株),2023/11/17,1421,1432,1418,1429.5,1290400
3028,(株)アルペン,2023/11/17,1906,1912,1894,1912,224000
3030,(株)ハブ,2023/11/17,733,735,722,735,32700
3031,(株)ラクーンホールディングス,2023/11/17,719,725,717,722,69600
3034,クオールホールディングス(株),2023/11/17,1613,1616,1601,1616,76800
3036,アルコニックス(株),2023/11/17,1323,1323,1314,1321,130800
3038,(株)神戸物産,2023/11/17,3575,3584,3542,3584,941200
3040,(株)ソリトンシステムズ,2023/11/17,1236,1242,1205,1240,20600
3046,(株)ジンズホールディングス,2023/11/17,4620,4755,4620,4680,261000
3048,(株)ビックカメラ,2023/11/17,1163,1168,1154,1168,317900
3050,ＤＣＭホールディングス(株),2023/11/17,1207,1218,1200,1218,355700
3053,(株)ペッパーフードサービス,2023/11/17,111,111,109,111,186700
3054,(株)ハイパー,2023/11/17,364,380,353,380,669600
3064,(株)ＭｏｎｏｔａＲＯ,2023/11/17,1481,1482,1444.5,1470,3263000
3067,(株)東京一番フーズ,2023/11/17,502,506,502,503,5100
3073,(株)ＤＤグループ,2023/11/17,1363,1405,1359,1388,172300
3076,あい　ホールディングス(株),2023/11/17,2348,2355,2333,2355,61500
3085,アークランドサービスホールディングス(株),2023/11/17,---,---,---,---,---
3086,Ｊ．フロント　リテイリング(株),2023/11/17,1400,1429.5,1396.5,1427.5,686200
3087,(株)ドトール・日レスホールディングス,2023/11/17,2188,2216,2179,2208,88100
3088,(株)マツキヨココカラ＆カンパニー,2023/11/17,2564,2649.5,2560,2643.5,1962800
3091,(株)ブロンコビリー,2023/11/17,3100,3130,3095,3130,22600
3092,(株)ＺＯＺＯ,2023/11/17,3045,3107,3044,3107,843300
3093,(株)トレジャー・ファクトリー,2023/11/17,1207,1223,1197,1221,189900
3097,(株)物語コーポレーション,2023/11/17,3680,3740,3665,3725,294000
3099,(株)三越伊勢丹ホールディングス,2023/11/17,1708.5,1748,1700.5,1744,1888800
3101,東洋紡(株),2023/11/17,1028,1050,1028,1050,408900
3103,ユニチカ(株),2023/11/17,184,187,184,187,338700
3104,富士紡ホールディングス(株),2023/11/17,3600,3640,3595,3625,15100
3105,日清紡ホールディングス(株),2023/11/17,1115,1115,1102.5,1112,510000
3106,クラボウ,2023/11/17,2497,2549,2472,2549,42800
3107,ダイワボウホールディングス(株),2023/11/17,2958.5,3011,2923.5,2956,165000
3109,シキボウ(株),2023/11/17,1065,1081,1065,1081,35200
3110,日東紡,2023/11/17,4215,4255,4080,4185,362000
3116,トヨタ紡織(株),2023/11/17,2714.5,2774.5,2704,2774.5,503600
3132,マクニカホールディングス(株),2023/11/17,6830,6920,6760,6917,587900
3134,Ｈａｍｅｅ(株),2023/11/17,1006,1013,1000,1013,33700
3135,(株)マーケットエンタープライズ,2023/11/17,1173,1228,1173,1223,17200
3139,(株)ラクト・ジャパン,2023/11/17,2013,2034,2013,2028,35000
3141,ウエルシアホールディングス(株),2023/11/17,2544,2546.5,2509,2539,986200
3148,(株)クリエイトＳＤホールディングス,2023/11/17,3170,3225,3165,3225,55300
3150,(株)グリムス,2023/11/17,1869,1908,1854,1880,156500
3151,(株)バイタルケーエスケー・ホールディングス,2023/11/17,1042,1047,1032,1047,50600
3153,八洲電機(株),2023/11/17,1265,1285,1265,1279,10200
3154,メディアスホールディングス(株),2023/11/17,743,764,743,757,13400
3156,(株)レスターホールディングス,2023/11/17,2653,2739,2634,2739,98100
3166,ＯＣＨＩホールディングス(株),2023/11/17,1390,1393,1381,1393,5500
3167,(株)ＴＯＫＡＩホールディングス,2023/11/17,964,974,963,973,148400
3173,(株)Ｃｏｍｉｎｉｘ,2023/11/17,772,778,771,776,9200
3176,三洋貿易(株),2023/11/17,1278,1290,1270,1290,23200
3179,シュッピン(株),2023/11/17,1152,1182,1150,1182,170700
3180,(株)ビューティガレージ,2023/11/17,2429,2436,2360,2406,42500
3182,オイシックス・ラ・大地(株),2023/11/17,1282,1302,1253,1301,602200
3183,ウイン・パートナーズ(株),2023/11/17,1220,1237,1220,1236,25500
3186,(株)ネクステージ,2023/11/17,2245,2257,2195,2222,2353200
3191,(株)ジョイフル本田,2023/11/17,1780,1783,1768,1782,151100
3193,(株)鳥貴族ホールディングス,2023/11/17,2893,2945,2883,2945,46300
3196,(株)ホットランド,2023/11/17,1985,2024,1985,2024,43900
3197,(株)すかいらーくホールディングス,2023/11/17,2214,2251,2212,2251,1310000
3198,ＳＦＰホールディングス(株),2023/11/17,2230,2253,2212,2253,34300
3199,綿半ホールディングス(株),2023/11/17,1333,1347,1332,1347,18600
3201,ニッケ,2023/11/17,1378,1398,1378,1397,95400
3221,(株)ヨシックスホールディングス,2023/11/17,2777,2846,2775,2844,52000
3228,(株)三栄建築設計,2023/11/17,---,---,---,---,---
3231,野村不動産ホールディングス(株),2023/11/17,3744,3780,3733,3771,583700
3232,三重交通グループホールディングス(株),2023/11/17,561,570,561,569,71700
3244,サムティ(株),2023/11/17,2425,2435,2420,2435,227500
3245,(株)ディア・ライフ,2023/11/17,849,868,848,866,356600
3252,地主(株),2023/11/17,2174,2176,2160,2173,54700
3267,(株)フィル・カンパニー,2023/11/17,500,502,493,499,13900
3275,ハウスコム(株),2023/11/17,807,819,806,809,8400
3276,(株)ＪＰＭＣ,2023/11/17,1124,1125,1114,1120,42000
3284,(株)フージャースホールディングス,2023/11/17,1043,1054,1040,1054,88100
3288,(株)オープンハウスグループ,2023/11/17,4310,4324,4184,4305,1578400
3289,東急不動産ホールディングス(株),2023/11/17,957,963.3,954.4,956.8,2158900
3291,飯田グループホールディングス(株),2023/11/17,2288,2298.5,2271.5,2294,633200
3299,(株)ムゲンエステート,2023/11/17,1202,1261,1202,1246,284500
3302,帝国繊維(株),2023/11/17,1995,1997,1985,1997,21500
3315,日本コークス工業(株),2023/11/17,113,116,111,116,1494700
3319,(株)ゴルフダイジェスト・オンライン,2023/11/17,634,639,628,639,164300
3328,ＢＥＥＮＯＳ(株),2023/11/17,1431,1435,1399,1426,213300
3333,(株)あさひ,2023/11/17,1295,1307,1293,1307,47200
3341,日本調剤(株),2023/11/17,1304,1313,1298,1313,34700
3349,(株)コスモス薬品,2023/11/17,15915,16050,15755,15840,136700
3360,シップヘルスケアホールディングス(株),2023/11/17,2132.5,2138.5,2092.5,2121.5,151600
3371,(株)ソフトクリエイトホールディングス,2023/11/17,1721,1730,1699,1710,41600
3382,(株)セブン＆アイ・ホールディングス,2023/11/17,5699,5782,5679,5782,2166700
3387,(株)クリエイト・レストランツ・ホールディングス,2023/11/17,1042,1062,1041,1061,430400
3388,明治電機工業(株),2023/11/17,1389,1409,1389,1407,23100
3391,(株)ツルハホールディングス,2023/11/17,12150,12515,12150,12305,412900
3393,スターティアホールディングス(株),2023/11/17,1343,1351,1318,1318,102900
3395,(株)サンマルクホールディングス,2023/11/17,2001,2027,2001,2027,39200
3397,(株)トリドールホールディングス,2023/11/17,4177,4248,4140,4248,472500
3401,帝人(株),2023/11/17,1342,1361.5,1340,1359,788900
3402,東レ(株),2023/11/17,779.8,797.9,778.4,797,5506600
3405,(株)クラレ,2023/11/17,1536.5,1558,1536,1556,1258200
3407,旭化成(株),2023/11/17,1012,1025.5,1011,1025.5,3855800
3415,(株)ＴＯＫＹＯ　ＢＡＳＥ,2023/11/17,292,294,289,292,202800
3431,宮地エンジニアリンググループ(株),2023/11/17,3055,3135,3045,3135,183800
3433,トーカロ(株),2023/11/17,1455,1467,1450,1466,78800
3436,(株)ＳＵＭＣＯ,2023/11/17,2147,2168,2136,2155,4862100
3443,川田テクノロジーズ(株),2023/11/17,6840,6890,6700,6780,15100
3445,(株)ＲＳ　Ｔｅｃｈｎｏｌｏｇｉｅｓ,2023/11/17,2400,2433,2355,2433,317000
3446,(株)ジェイテックコーポレーション,2023/11/17,1952,1970,1935,1954,36800
3452,(株)ビーロット,2023/11/17,909,954,906,954,193100
3454,ファーストブラザーズ(株),2023/11/17,1091,1107,1091,1101,40500
3457,(株)Ａｎｄ　Ｄｏホールディングス,2023/11/17,1030,1030,1016,1030,63900
3458,(株)シーアールイー,2023/11/17,1599,1601,1574,1583,9300
3464,プロパティエージェント(株),2023/11/17,---,---,---,---,---
3465,ケイアイスター不動産(株),2023/11/17,3500,3525,3385,3470,306300
3467,アグレ都市デザイン(株),2023/11/17,1473,1480,1466,1475,8700
3475,(株)グッドコムアセット,2023/11/17,962,979,946,967,205700
3480,(株)ジェイ・エス・ビー,2023/11/17,2400,2422,2380,2409,20100
3482,ロードスターキャピタル(株),2023/11/17,2015,2062,2000,2062,80000
3484,(株)テンポイノベーション,2023/11/17,1111,1122,1111,1119,11200
3486,(株)グローバル・リンク・マネジメント,2023/11/17,2461,2499,2412,2478,118500
3489,(株)フェイスネットワーク,2023/11/17,1353,1372,1348,1362,32900
3501,住江織物(株),2023/11/17,2207,2246,2207,2240,23000
3521,エコナックホールディングス(株),2023/11/17,146,149,145,149,61200
3526,芦森工業(株),2023/11/17,2142,2174,2124,2174,17100
3529,アツギ(株),2023/11/17,434,443,434,443,27000
3538,(株)ウイルプラスホールディングス,2023/11/17,1157,1171,1108,1149,100300
3539,(株)ＪＭホールディングス,2023/11/17,1988,2021,1983,2021,22700
3543,(株)コメダホールディングス,2023/11/17,2792,2819,2778,2819,127100
3544,サツドラホールディングス(株),2023/11/17,762,777,762,777,14400
3546,アレンザホールディングス(株),2023/11/17,1003,1010,1002,1010,17100
3548,(株)バロックジャパンリミテッド,2023/11/17,798,800,795,797,112400
3549,(株)クスリのアオキホールディングス,2023/11/17,3318,3385,3221,3348,647700
3559,(株)ピーバンドットコム,2023/11/17,399,402,396,396,5600
3561,(株)力の源ホールディングス,2023/11/17,1688,1741,1677,1734,637800
3563,(株)ＦＯＯＤ　＆　ＬＩＦＥ　ＣＯＭＰＡＮＩＥＳ,2023/11/17,2765,2780,2736,2767.5,2152500
3565,アセンテック(株),2023/11/17,520,527,516,527,27000
3569,セーレン(株),2023/11/17,2312,2335,2309,2326,72700
3580,小松マテーレ(株),2023/11/17,799,811,799,810,42800
3591,(株)ワコールホールディングス,2023/11/17,3203,3312,3203,3289,275900
3593,(株)ホギメディカル,2023/11/17,3390,3420,3385,3420,47100
3608,(株)ＴＳＩホールディングス,2023/11/17,846,859,838,840,409900
3611,(株)マツオカコーポレーション,2023/11/17,1634,1634,1560,1578,28900
3612,(株)ワールド,2023/11/17,1565,1581,1563,1580,69400
3626,ＴＩＳ(株),2023/11/17,3164,3210,3164,3186,599800
3627,テクミラホールディングス(株),2023/11/17,440,447,438,446,36100
3632,グリー(株),2023/11/17,543,543,529,530,501400
3633,ＧＭＯペパボ(株),2023/11/17,1269,1269,1258,1265,2600
3635,(株)コーエーテクモホールディングス,2023/11/17,1935,1938.5,1912,1916,700100
3636,(株)三菱総合研究所,2023/11/17,4610,4680,4610,4680,26400
3649,(株)ファインデックス,2023/11/17,880,919,880,919,95100
3655,(株)ブレインパッド,2023/11/17,972,974,944,967,351800
3656,ＫＬａｂ(株),2023/11/17,271,288,269,275,2133400
3657,ポールトゥウィンホールディングス(株),2023/11/17,493,501,489,501,113600
3659,(株)ネクソン,2023/11/17,3009,3026,2973,3022,1632800
3660,(株)アイスタイル,2023/11/17,464,468,447,456,3109500
3661,(株)エムアップホールディングス,2023/11/17,1033,1047,1000,1018,895000
3662,(株)エイチーム,2023/11/17,655,655,638,650,73000
3665,(株)エニグモ,2023/11/17,360,366,354,366,216400
3666,(株)テクノスジャパン,2023/11/17,624,647,623,647,89600
3668,(株)コロプラ,2023/11/17,582,593,582,593,185300
3673,(株)ブロードリーフ,2023/11/17,513,546,513,534,545600
3675,(株)クロス・マーケティンググループ,2023/11/17,562,564,543,554,158500
3676,(株)デジタルハーツホールディングス,2023/11/17,855,873,840,854,219500
3677,(株)システム情報,2023/11/17,928,929,927,927,17200
3678,(株)メディアドゥ,2023/11/17,1429,1430,1401,1415,79100
3679,(株)じげん,2023/11/17,500,502,493,500,323100
3681,(株)ブイキューブ,2023/11/17,355,364,351,363,159200
3683,(株)サイバーリンクス,2023/11/17,699,715,699,712,10900
3687,(株)フィックスターズ,2023/11/17,1180,1198,1157,1185,158500
3688,(株)ＣＡＲＴＡ　ＨＯＬＤＩＮＧＳ,2023/11/17,1196,1211,1196,1211,68800
3694,(株)オプティム,2023/11/17,833,845,829,842,79200
3696,(株)セレス,2023/11/17,925,934,916,928,55800
3697,(株)ＳＨＩＦＴ,2023/11/17,33280,33360,32220,33330,239500
3708,特種東海製紙(株),2023/11/17,3550,3605,3550,3590,21000
3738,(株)ティーガイア,2023/11/17,1780,1796,1779,1795,37100
3741,(株)セック,2023/11/17,3875,3965,3875,3965,15000
3762,テクマトリックス(株),2023/11/17,1710,1762,1710,1762,125200
3763,(株)プロシップ,2023/11/17,1257,1280,1248,1262,27700
3765,ガンホー・オンライン・エンターテイメント(株),2023/11/17,2154.5,2161.5,2133,2146,348200
3769,ＧＭＯペイメントゲートウェイ(株),2023/11/17,8151,8477,8085,8457,801000
3771,(株)システムリサーチ,2023/11/17,3330,3470,3325,3445,27500
3774,(株)インターネットイニシアティブ,2023/11/17,2479,2528.5,2471.5,2527.5,441700
3778,さくらインターネット(株),2023/11/17,1155,1189,1151,1178,502300
3788,ＧＭＯグローバルサイン・ホールディングス(株),2023/11/17,2455,2492,2361,2385,106500
3817,(株)ＳＲＡホールディングス,2023/11/17,3550,3595,3550,3580,9000
3834,(株)朝日ネット,2023/11/17,610,617,610,617,22000
3835,ｅＢＡＳＥ(株),2023/11/17,762,773,760,772,71600
3836,(株)アバントグループ,2023/11/17,1452,1457,1440,1457,59100
3837,アドソル日進(株),2023/11/17,1630,1639,1624,1636,17700
3839,(株)ＯＤＫソリューションズ,2023/11/17,555,556,554,555,3100
3843,フリービット(株),2023/11/17,1075,1100,1075,1100,62800
3844,コムチュア(株),2023/11/17,1947,1961,1935,1961,56800
3853,アステリア(株),2023/11/17,689,699,686,697,54400
3854,(株)アイル,2023/11/17,3845,3970,3845,3965,39800
3861,王子ホールディングス(株),2023/11/17,580,583,575,580.3,5101500
3863,日本製紙(株),2023/11/17,1267,1288,1259,1271,562600
3864,三菱製紙(株),2023/11/17,525,534,521,534,359300
3865,北越コーポレーション(株),2023/11/17,1296,1318,1288,1315,424400
3877,中越パルプ工業(株),2023/11/17,1532,1589,1532,1575,47600
3880,大王製紙(株),2023/11/17,1028.5,1044,1027,1034.5,488400
3901,マークラインズ(株),2023/11/17,2810,2849,2800,2833,24800
3902,メディカル・データ・ビジョン(株),2023/11/17,675,687,674,687,113300
3903,(株)ｇｕｍｉ,2023/11/17,411,414,406,411,361500
3912,(株)モバイルファクトリー,2023/11/17,702,719,702,719,17000
3915,(株)テラスカイ,2023/11/17,1452,1466,1436,1454,77000
3916,デジタル・インフォメーション・テクノロジー(株),2023/11/17,1568,1602,1568,1595,47700
3918,ＰＣＩホールディングス(株),2023/11/17,990,1010,990,1010,86500
3921,(株)ネオジャパン,2023/11/17,1006,1045,1006,1028,24100
3922,(株)ＰＲ　ＴＩＭＥＳ,2023/11/17,1694,1697,1671,1686,12200
3923,(株)ラクス,2023/11/17,2400,2506,2400,2486.5,1787700
3924,(株)ランドコンピュータ,2023/11/17,774,798,774,794,72900
3925,(株)ダブルスタンダード,2023/11/17,1452,1459,1436,1454,72900
3926,(株)オープンドア,2023/11/17,795,801,783,794,168000
3928,(株)マイネット,2023/11/17,303,307,299,307,9900
3932,(株)アカツキ,2023/11/17,2160,2187,2144,2172,58400
3934,(株)ベネフィットジャパン,2023/11/17,1209,1209,1185,1185,3100
3937,(株)Ｕｂｉｃｏｍホールディングス,2023/11/17,1679,1706,1620,1645,216400
3939,(株)カナミックネットワーク,2023/11/17,403,414,397,412,1004400
3940,(株)ノムラシステムコーポレーション,2023/11/17,112,112,111,111,47000
3941,レンゴー(株),2023/11/17,919.3,939.3,919.3,935,1122800
3946,(株)トーモク,2023/11/17,2119,2152,2119,2148,26600
3950,ザ・パック(株),2023/11/17,3120,3235,3120,3230,45700
3962,(株)チェンジホールディングス,2023/11/17,1610,1625,1551,1605,799200
3963,(株)シンクロ・フード,2023/11/17,684,707,684,707,238200
3964,(株)オークネット,2023/11/17,1820,1848,1816,1848,29200
3968,セグエグループ(株),2023/11/17,910,916,900,907,15900
3978,(株)マクロミル,2023/11/17,716,723,700,720,371900
3981,(株)ビーグリー,2023/11/17,1134,1155,1133,1148,19400
3983,(株)オロ,2023/11/17,2574,2606,2538,2600,116300
3984,(株)ユーザーローカル,2023/11/17,1796,1796,1726,1763,188500
3985,テモナ(株),2023/11/17,243,244,241,244,8500
3992,(株)ニーズウェル,2023/11/17,696,709,687,701,152600
3994,(株)マネーフォワード,2023/11/17,4490,4533,4394,4462,505000
3996,サインポスト(株),2023/11/17,440,445,435,437,51200
4004,(株)レゾナック・ホールディングス,2023/11/17,2685.5,2722.5,2667.5,2713.5,1019600
4005,住友化学(株),2023/11/17,393,399,392.1,398.3,10729000
4008,住友精化(株),2023/11/17,4985,5090,4985,5080,70800
4021,日産化学(株),2023/11/17,5618,5618,5503,5547,569900
4022,ラサ工業(株),2023/11/17,2015,2077,2001,2071,55200
4023,(株)クレハ,2023/11/17,8210,8290,8180,8290,84600
4025,多木化学(株),2023/11/17,3065,3125,3020,3120,64200
4027,テイカ(株),2023/11/17,1335,1368,1335,1368,26800
4028,石原産業(株),2023/11/17,1350,1381,1349,1381,180600
4041,日本曹達(株),2023/11/17,5260,5350,5230,5350,67200
4042,東ソー(株),2023/11/17,1938,1959,1931.5,1956,1068500
4043,(株)トクヤマ,2023/11/17,2370,2394,2362,2392,215800
4044,セントラル硝子(株),2023/11/17,2666,2681,2644,2681,134600
4045,東亞合成(株),2023/11/17,1364,1383,1364,1379.5,161200
4046,(株)大阪ソーダ,2023/11/17,8600,9120,8570,9100,126800
4047,関東電化工業(株),2023/11/17,800,801,790,799,153300
4061,デンカ(株),2023/11/17,2563.5,2608,2558.5,2608,481800
4062,イビデン(株),2023/11/17,7335,7500,7320,7385,1357500
4063,信越化学工業(株),2023/11/17,5193,5259,5146,5248,7378200
4064,日本カーバイド工業(株),2023/11/17,1473,1512,1473,1512,42500
4072,(株)電算システムホールディングス,2023/11/17,2765,2772,2732,2759,18100
4078,堺化学工業(株),2023/11/17,1826,1845,1825,1845,62800
4082,第一稀元素化学工業(株),2023/11/17,974,980,970,980,52100
4088,エア・ウォーター(株),2023/11/17,1949,1975,1932,1974,511100
4091,日本酸素ホールディングス(株),2023/11/17,3806,3913,3806,3913,1395800
4092,日本化学工業(株),2023/11/17,1957,1977,1954,1977,22000
4093,東邦アセチレン(株),2023/11/17,1709,1759,1709,1746,39700
4095,日本パーカライジング(株),2023/11/17,1137,1146,1133,1146,112300
4097,高圧ガス工業(株),2023/11/17,785,805,785,805,63700
4098,チタン工業(株),2023/11/17,1309,1311,1300,1311,2400
4099,四国化成ホールディングス(株),2023/11/17,1860,1878,1832,1845,131000
4100,戸田工業(株),2023/11/17,1636,1650,1606,1650,23800
4109,ステラ　ケミファ(株),2023/11/17,3100,3145,3100,3135,30300
4112,保土谷化学工業(株),2023/11/17,3145,3195,3140,3195,17100
4114,(株)日本触媒,2023/11/17,5167,5272,5161,5272,201000
4116,大日精化工業(株),2023/11/17,2118,2160,2118,2160,14700
4118,(株)カネカ,2023/11/17,3800,3833,3792,3833,123200
4151,協和キリン(株),2023/11/17,2407,2441,2402.5,2440.5,613000
4182,三菱ガス化学(株),2023/11/17,2285,2311,2274,2310,1128100
4183,三井化学(株),2023/11/17,4034,4172,4031,4169,1094900
4185,ＪＳＲ(株),2023/11/17,3951,3978,3949,3978,1060600
4186,東京応化工業(株),2023/11/17,9030,9184,9001,9184,182000
4187,大阪有機化学工業(株),2023/11/17,2698,2735,2693,2712,71700
4188,三菱ケミカルグループ(株),2023/11/17,953.7,961.3,941.3,961.3,4890100
4189,ＫＨネオケム(株),2023/11/17,2276,2311,2245,2311,141400
4202,(株)ダイセル,2023/11/17,1426.5,1431,1412,1431,870400
4203,住友ベークライト(株),2023/11/17,6848,6980,6848,6980,102200
4204,積水化学工業(株),2023/11/17,2088,2128,2088,2128,1007100
4205,日本ゼオン(株),2023/11/17,1339.5,1363,1321,1359.5,617100
4206,アイカ工業(株),2023/11/17,3416,3474,3403,3474,106900
4208,ＵＢＥ(株),2023/11/17,2320,2344,2320,2344,434100
4212,積水樹脂(株),2023/11/17,2476,2498,2474,2492,39500
4215,タキロンシーアイ(株),2023/11/17,591,594,587,593,122600
4216,旭有機材(株),2023/11/17,4170,4245,4045,4100,230200
4218,ニチバン(株),2023/11/17,1750,1776,1750,1776,26300
4220,リケンテクノス(株),2023/11/17,842,860,842,858,107200
4221,大倉工業(株),2023/11/17,2710,2774,2710,2763,29600
4228,積水化成品工業(株),2023/11/17,474,477,471,475,71900
4229,群栄化学工業(株),2023/11/17,3120,3180,3105,3160,11700
4245,(株)ダイキアクシス,2023/11/17,737,746,737,745,16700
4246,ダイキョーニシカワ(株),2023/11/17,747,756,743,756,105000
4248,竹本容器(株),2023/11/17,775,780,773,780,16900
4249,森六ホールディングス(株),2023/11/17,2629,2708,2628,2708,62600
4251,恵和(株),2023/11/17,1250,1288,1230,1276,170200
4272,日本化薬(株),2023/11/17,1319,1338,1313,1337.5,259200
4275,カーリットホールディングス(株),2023/11/17,936,956,936,954,39500
4284,(株)ソルクシーズ,2023/11/17,406,410,406,410,17900
4286,(株)ＣＬホールディングス,2023/11/17,815,830,810,828,7300
4290,(株)プレステージ・インターナショナル,2023/11/17,662,664,650,664,704700
4295,(株)フェイス,2023/11/17,485,488,483,483,13300
4298,(株)プロトコーポレーション,2023/11/17,1347,1383,1347,1362,47100
4299,(株)ハイマックス,2023/11/17,1372,1391,1366,1391,6300
4301,(株)アミューズ,2023/11/17,1478,1484,1469,1480,27000
4307,(株)野村総合研究所,2023/11/17,4196,4222,4148,4218,1453800
4310,(株)ドリームインキュベータ,2023/11/17,2978,3015,2978,3005,25100
4318,(株)クイック,2023/11/17,2130,2164,2130,2163,16900
4320,(株)ＣＥホールディングス,2023/11/17,545,553,545,553,16000
4323,日本システム技術(株),2023/11/17,2254,2354,2254,2350,31200
4324,(株)電通グループ,2023/11/17,3915,3970,3859,3960,2360600
4326,(株)インテージホールディングス,2023/11/17,1685,1704,1677,1690,71400
4331,(株)テイクアンドギヴ・ニーズ,2023/11/17,989,996,965,996,56200
4333,(株)東邦システムサイエンス,2023/11/17,1137,1174,1137,1174,27000
4337,ぴあ(株),2023/11/17,3330,3350,3320,3350,11500
4343,(株)イオンファンタジー,2023/11/17,2690,2719,2673,2685,103400
4344,ソースネクスト(株),2023/11/17,171,172,169,172,1214600
4345,(株)シーティーエス,2023/11/17,666,671,666,671,29400
4346,(株)ネクシィーズグループ,2023/11/17,705,710,683,694,80100
4348,インフォコム(株),2023/11/17,2518,2518,2442,2500,125400
4350,(株)メディカルシステムネットワーク,2023/11/17,506,529,495,527,142600
4362,日本精化(株),2023/11/17,2601,2673,2600,2673,21900
4368,扶桑化学工業(株),2023/11/17,4215,4235,4145,4150,57100
4369,(株)トリケミカル研究所,2023/11/17,3415,3445,3385,3430,107300
4373,シンプレクス・ホールディングス(株),2023/11/17,2500,2537,2489,2533,164300
4382,ＨＥＲＯＺ(株),2023/11/17,1404,1404,1348,1365,84700
4384,ラクスル(株),2023/11/17,1370,1374,1341,1357,373300
4390,(株)アイ・ピー・エス,2023/11/17,2160,2180,2116,2121,129100
4392,ＦＩＧ(株),2023/11/17,352,361,352,354,182400
4396,(株)システムサポート,2023/11/17,1910,1955,1896,1955,16500
4401,(株)ＡＤＥＫＡ,2023/11/17,2823,2897,2815.5,2862.5,337500
4403,日油(株),2023/11/17,6789,6900,6770,6889,227200
4410,ハリマ化成グループ(株),2023/11/17,796,804,795,804,49400
4420,イーソル(株),2023/11/17,622,642,617,634,27000
4423,アルテリア・ネットワークス(株),2023/11/17,---,---,---,---,---
4432,ウイングアーク１ｓｔ(株),2023/11/17,2976,3070,2976,2986,176200
4433,(株)ヒト・コミュニケーションズ・ホールディングス,2023/11/17,1289,1317,1286,1317,27000
4434,(株)サーバーワークス,2023/11/17,3430,3485,3385,3440,22800
4439,(株)東名,2023/11/17,1760,1783,1745,1783,17300
4441,トビラシステムズ(株),2023/11/17,833,843,829,837,15000
4443,Ｓａｎｓａｎ(株),2023/11/17,1401,1412,1380,1395,919200
4446,(株)Ｌｉｎｋ−Ｕ,2023/11/17,732,733,724,732,9500
4449,(株)ギフティ,2023/11/17,1676,1684,1511,1613,2110200
4452,花王(株),2023/11/17,5582,5612,5538,5592,1211800
4461,第一工業製薬(株),2023/11/17,1782,1787,1765,1777,19200
4462,石原ケミカル(株),2023/11/17,1850,1864,1813,1854,38100
4463,日華化学(株),2023/11/17,932,954,932,954,11500
4465,(株)ニイタカ,2023/11/17,2057,2084,2056,2080,16700
4471,三洋化成工業(株),2023/11/17,4230,4280,4210,4280,44900
4481,ベース(株),2023/11/17,3620,3725,3620,3650,99500
4483,(株)ＪＭＤＣ,2023/11/17,4465,4549,4425,4522,358100
4502,武田薬品工業(株),2023/11/17,4133,4218,4131,4215,4030400
4503,アステラス製薬(株),2023/11/17,1760.5,1781,1757,1780.5,7125600
4506,住友ファーマ(株),2023/11/17,451,469,451,469,2324000
4507,塩野義製薬(株),2023/11/17,7079,7122,7061,7102,981700
4516,日本新薬(株),2023/11/17,5224,5409,5195,5409,677700
4519,中外製薬(株),2023/11/17,4749,4906,4745,4903,2434100
4521,科研製薬(株),2023/11/17,3210,3250,3190,3250,154900
4523,エーザイ(株),2023/11/17,7697,7793,7688,7791,733900
4526,理研ビタミン(株),2023/11/17,2286,2316,2270,2316,55800
4527,ロート製薬(株),2023/11/17,3180,3202,3152,3191,772700
4528,小野薬品工業(株),2023/11/17,2659,2685,2643,2685,1451400
4530,久光製薬(株),2023/11/17,4457,4595,4457,4595,126400
4534,持田製薬(株),2023/11/17,3200,3240,3200,3235,28400
4536,参天製薬(株),2023/11/17,1334,1346.5,1312.5,1330,2188400
4538,扶桑薬品工業(株),2023/11/17,1885,1908,1881,1905,23900
4539,日本ケミファ(株),2023/11/17,1620,1625,1617,1617,2900
4540,(株)ツムラ,2023/11/17,2705,2739.5,2700,2736,189900
4541,日医工(株),2023/11/17,---,---,---,---,---
4543,テルモ(株),2023/11/17,4707,4732,4692,4719,2308200
4544,Ｈ．Ｕ．グループホールディングス(株),2023/11/17,2492,2564,2491.5,2564,436700
4547,キッセイ薬品工業(株),2023/11/17,3010,3060,3010,3055,66200
4548,生化学工業(株),2023/11/17,751,768,748,766,206700
4549,栄研化学(株),2023/11/17,1526,1556,1526,1555,117900
4550,日水製薬(株),2023/11/17,---,---,---,---,---
4551,鳥居薬品(株),2023/11/17,3610,3645,3580,3635,31000
4552,ＪＣＲファーマ(株),2023/11/17,1217,1248,1214,1248,222300
4553,東和薬品(株),2023/11/17,2460,2488,2443,2488,174100
4554,富士製薬工業(株),2023/11/17,1384,1441,1384,1441,256000
4559,ゼリア新薬工業(株),2023/11/17,1917,1936,1907,1936,80700
4568,第一三共(株),2023/11/17,3908,3989,3896,3988,4963700
4569,杏林製薬(株),2023/11/17,1770,1818,1770,1818,114500
4574,大幸薬品(株),2023/11/17,306,308,300,306,243600
4577,ダイト(株),2023/11/17,1883,1921,1881,1915,98200
4578,大塚ホールディングス(株),2023/11/17,5500,5554,5457,5546,906100
4587,ペプチドリーム(株),2023/11/17,1233,1253.5,1202.5,1252,901600
4611,大日本塗料(株),2023/11/17,930,937,925,937,33000
4612,日本ペイントホールディングス(株),2023/11/17,1162.5,1169,1138,1145,5124500
4613,関西ペイント(株),2023/11/17,2373.5,2405.5,2369.5,2403,1104800
4617,中国塗料(株),2023/11/17,1417,1455,1414,1454,275400
4619,日本特殊塗料(株),2023/11/17,1189,1210,1184,1206,32500
4620,藤倉化成(株),2023/11/17,446,450,445,450,65700
4626,太陽ホールディングス(株),2023/11/17,2993,3000,2948,3000,116400
4631,ＤＩＣ(株),2023/11/17,2399.5,2440,2396,2437,254000
4633,サカタインクス(株),2023/11/17,1321,1336,1318,1333,107400
4634,東洋インキＳＣホールディングス(株),2023/11/17,2593,2640,2577,2640,116400
4636,(株)Ｔ＆Ｋ　ＴＯＫＡ,2023/11/17,1425,1430,1425,1430,13000
4641,(株)アルプス技研,2023/11/17,2701,2701,2670,2673,89800
4651,(株)サニックス,2023/11/17,344,362,341,362,473300
4653,(株)ダイオーズ,2023/11/17,---,---,---,---,---
4658,日本空調サービス(株),2023/11/17,782,791,781,791,27200
4661,(株)オリエンタルランド,2023/11/17,5100,5252,5087,5220,4624300
4662,(株)フォーカスシステムズ,2023/11/17,967,975,964,974,21500
4665,(株)ダスキン,2023/11/17,3179,3204,3167,3204,67400
4666,パーク２４(株),2023/11/17,1713.5,1716,1681,1708.5,1183600
4668,(株)明光ネットワークジャパン,2023/11/17,696,704,696,704,39600
4671,(株)ファルコホールディングス,2023/11/17,1979,2021,1979,2019,9800
4674,(株)クレスコ,2023/11/17,1835,1896,1835,1896,27200
4676,(株)フジ・メディア・ホールディングス,2023/11/17,1480,1507.5,1480,1502.5,506800
4680,(株)ラウンドワン,2023/11/17,589,591,583,587,1880600
4681,リゾートトラスト(株),2023/11/17,2230,2244.5,2210,2244.5,261400
4684,(株)オービック,2023/11/17,22235,22300,22075,22210,259900
4686,(株)ジャストシステム,2023/11/17,2961,3040,2950,3030,156700
4687,ＴＤＣソフト(株),2023/11/17,1850,1921,1850,1921,52100
4689,ＬＩＮＥヤフー(株),2023/11/17,426,428.4,414,421.6,22244600
4694,(株)ビー・エム・エル,2023/11/17,2917,2958,2887,2912,107300
4704,トレンドマイクロ(株),2023/11/17,7309,7310,7230,7280,633300
4708,りらいあコミュニケーションズ(株),2023/11/17,---,---,---,---,---
4709,(株)ＩＤホールディングス,2023/11/17,1484,1502,1475,1492,31000
4714,(株)リソー教育,2023/11/17,236,240,235,239,879500
4718,(株)早稲田アカデミー,2023/11/17,1532,1570,1532,1570,15200
4719,(株)アルファシステムズ,2023/11/17,2779,2827,2770,2814,24700
4722,フューチャー(株),2023/11/17,1798,1816,1771,1806,244200
4725,(株)ＣＡＣ　Ｈｏｌｄｉｎｇｓ,2023/11/17,1738,1742,1730,1742,14500
4726,ＳＢテクノロジー(株),2023/11/17,2322,2365,2322,2357,41100
4732,(株)ユー・エス・エス,2023/11/17,2851,2885.5,2838,2878.5,783900
4733,(株)オービックビジネスコンサルタント,2023/11/17,6507,6642,6507,6627,106600
4739,伊藤忠テクノソリューションズ(株),2023/11/17,4316,4318,4315,4315,2198700
4743,(株)アイティフォー,2023/11/17,1045,1063,1045,1055,84400
4745,(株)東京個別指導学院,2023/11/17,481,483,480,482,39000
4751,(株)サイバーエージェント,2023/11/17,831.9,833.9,817.3,819.6,5098200
4755,楽天グループ(株),2023/11/17,549.7,556.7,545,553,14745400
4763,(株)クリーク・アンド・リバー社,2023/11/17,2050,2063,2031,2051,72400
4765,ＳＢＩグローバルアセットマネジメント(株),2023/11/17,550,555,548,555,73600
4767,(株)テー・オー・ダブリュー,2023/11/17,311,314,311,314,102300
4768,(株)大塚商会,2023/11/17,5877,5970,5859,5969,397200
4776,サイボウズ(株),2023/11/17,1959,2121,1949,2121,1836800
4792,山田コンサルティンググループ(株),2023/11/17,1651,1680,1651,1680,17800
4801,セントラルスポーツ(株),2023/11/17,2415,2438,2413,2436,6200
4809,パラカ(株),2023/11/17,1965,1981,1965,1981,6500
4812,ＩＳＩＤ,2023/11/17,4775,4790,4705,4725,141100
4813,(株)ＡＣＣＥＳＳ,2023/11/17,777,791,776,786,86700
4819,(株)デジタルガレージ,2023/11/17,3195,3270,3155,3250,153800
4820,(株)ＥＭシステムズ,2023/11/17,654,665,654,664,57300
4825,(株)ウェザーニューズ,2023/11/17,5930,5930,5850,5930,26900
4826,(株)ＣＩＪ,2023/11/17,609,618,605,618,41300
4828,ビジネスエンジニアリング(株),2023/11/17,3805,4035,3805,4025,27900
4839,(株)ＷＯＷＯＷ,2023/11/17,1043,1055,1043,1055,41600
4845,(株)スカラ,2023/11/17,736,744,735,744,66900
4847,(株)インテリジェント　ウェイブ,2023/11/17,1019,1058,1017,1042,199200
4848,(株)フルキャストホールディングス,2023/11/17,1908,1964,1893,1963,170500
4849,エン・ジャパン(株),2023/11/17,2269,2296,2234,2296,210700
4886,あすか製薬ホールディングス(株),2023/11/17,1795,1814,1791,1809,55200
4887,サワイグループホールディングス(株),2023/11/17,4948,5027,4928,5025,203700
4901,富士フイルムホールディングス(株),2023/11/17,8750,8906,8711,8892,1780000
4902,コニカミノルタ(株),2023/11/17,464,469,463.1,469,1641000
4911,(株)資生堂,2023/11/17,4365,4375,4220,4255,5180300
4912,ライオン(株),2023/11/17,1314,1334,1310,1332,1508500
4914,高砂香料工業(株),2023/11/17,3480,3510,3455,3500,28900
4917,(株)マンダム,2023/11/17,1260,1270,1257,1270,122300
4919,(株)ミルボン,2023/11/17,3914,3943,3853,3909,139700
4921,(株)ファンケル,2023/11/17,2290,2309.5,2267,2295,1188900
4922,(株)コーセー,2023/11/17,10490,10600,10380,10525,415600
4923,コタ(株),2023/11/17,1570,1580,1567,1578,30800
4927,(株)ポーラ・オルビスホールディングス,2023/11/17,1519,1545,1518,1542.5,844700
4928,(株)ノエビアホールディングス,2023/11/17,5130,5190,5120,5190,35700
4929,(株)アジュバンホールディングス,2023/11/17,919,923,919,922,2800
4931,新日本製薬(株),2023/11/17,1548,1560,1541,1558,21700
4951,エステー(株),2023/11/17,1499,1506,1499,1505,17500
4955,アグロ　カネショウ(株),2023/11/17,1311,1335,1305,1335,8500
4956,コニシ(株),2023/11/17,2476,2491,2443,2486,32700
4958,長谷川香料(株),2023/11/17,3280,3315,3245,3315,49300
4963,星光ＰＭＣ(株),2023/11/17,1068,1069,1067,1068,8700
4967,小林製薬(株),2023/11/17,6693,6718,6626,6718,458800
4968,荒川化学工業(株),2023/11/17,1011,1023,1011,1022,18500
4971,メック(株),2023/11/17,3840,3920,3840,3900,57800
4973,日本高純度化学(株),2023/11/17,2547,2577,2547,2577,3100
4974,タカラバイオ(株),2023/11/17,1181,1202,1169,1202,250700
4975,(株)ＪＣＵ,2023/11/17,3685,3730,3660,3725,53200
4977,新田ゼラチン(株),2023/11/17,783,790,776,788,75200
4979,ＯＡＴアグリオ(株),2023/11/17,1938,1965,1935,1953,37600
4980,デクセリアルズ(株),2023/11/17,4369,4473,4362,4473,326600
4985,アース製薬(株),2023/11/17,4820,4835,4810,4830,69000
4996,クミアイ化学工業(株),2023/11/17,1106,1123,1104,1122,511100
4997,日本農薬(株),2023/11/17,598,598,587,595,231000
5011,ニチレキ(株),2023/11/17,2295,2340,2295,2315,142100
5017,富士石油(株),2023/11/17,335,343,331,343,812700
5018,(株)ＭＯＲＥＳＣＯ,2023/11/17,1279,1299,1278,1292,17400
5019,出光興産(株),2023/11/17,3995,4156,3972,4146,3162700
5020,ＥＮＥＯＳホールディングス(株),2023/11/17,586,599.2,584,598.4,23117800
5021,コスモエネルギーホールディングス(株),2023/11/17,5618,5862,5614,5862,678500
5074,テスホールディングス(株),2023/11/17,419,437,415,435,815300
5076,インフロニア・ホールディングス(株),2023/11/17,1616,1641,1616,1632,406000
5101,横浜ゴム(株),2023/11/17,3130,3204,3130,3201,459400
5105,ＴＯＹＯ　ＴＩＲＥ(株),2023/11/17,2559.5,2562,2486,2518,1577300
5108,(株)ブリヂストン,2023/11/17,5995,6024,5946,6017,1724500
5110,住友ゴム工業(株),2023/11/17,1698.5,1703,1673.5,1702,1822200
5121,藤倉コンポジット(株),2023/11/17,1330,1350,1330,1348,125600
5122,オカモト(株),2023/11/17,5410,5500,5410,5470,14900
5142,アキレス(株),2023/11/17,1574,1589,1574,1588,10500
5185,(株)フコク,2023/11/17,1316,1342,1312,1339,29100
5186,ニッタ(株),2023/11/17,3630,3690,3630,3680,44500
5191,住友理工(株),2023/11/17,1024,1036,1013,1036,179100
5192,三ツ星ベルト(株),2023/11/17,4350,4395,4330,4395,195900
5195,バンドー化学(株),2023/11/17,1567,1583,1564,1574,176800
5201,ＡＧＣ(株),2023/11/17,5295,5380,5290,5378,799700
5202,日本板硝子(株),2023/11/17,646,651,634,646,1241600
5208,(株)有沢製作所,2023/11/17,1044,1064,1044,1064,72700
5214,日本電気硝子(株),2023/11/17,3060,3092,3043,3088,414000
5232,住友大阪セメント(株),2023/11/17,3537,3587,3532,3587,158800
5233,太平洋セメント(株),2023/11/17,2750.5,2780.5,2730.5,2779.5,455000
5261,リソルホールディングス(株),2023/11/17,5170,5200,5160,5180,2900
5262,日本ヒューム(株),2023/11/17,902,915,900,915,27100
5269,日本コンクリート工業(株),2023/11/17,329,335,328,334,87500
5288,アジアパイルホールディングス(株),2023/11/17,673,690,672,690,87000
5301,東海カーボン(株),2023/11/17,1090,1102,1088.5,1101,1535600
5302,日本カーボン(株),2023/11/17,4535,4610,4525,4605,84500
5310,東洋炭素(株),2023/11/17,4405,4500,4395,4480,142100
5331,(株)ノリタケカンパニーリミテド,2023/11/17,6610,6670,6590,6650,47300
5332,ＴＯＴＯ(株),2023/11/17,3951,3952,3875,3902,689800
5333,日本ガイシ(株),2023/11/17,1779,1816,1772.5,1812,1997700
5334,日本特殊陶業(株),2023/11/17,3450,3475,3434,3470,614200
5344,(株)ＭＡＲＵＷＡ,2023/11/17,28000,28460,27860,28460,51300
5351,品川リフラクトリーズ(株),2023/11/17,1601,1665,1597,1665,222300
5352,黒崎播磨(株),2023/11/17,10020,10290,10020,10170,19500
5357,(株)ヨータイ,2023/11/17,1431,1452,1429,1452,11600
5367,(株)ニッカトー,2023/11/17,562,563,557,563,18200
5384,(株)フジミインコーポレーテッド,2023/11/17,3100,3125,3080,3105,119100
5393,ニチアス(株),2023/11/17,3070,3095,3060,3095,67200
5401,日本製鉄(株),2023/11/17,3362,3441,3343,3440,7136400
5406,(株)神戸製鋼所,2023/11/17,1740,1762.5,1728,1762.5,6330200
5408,(株)中山製鋼所,2023/11/17,810,822,807,821,292100
5410,合同製鐵(株),2023/11/17,4280,4395,4275,4395,117300
5411,ＪＦＥホールディングス(株),2023/11/17,2207.5,2239.5,2197.5,2239,3980800
5423,東京製鐵(株),2023/11/17,1814,1844,1806,1844,469000
5440,共英製鋼(株),2023/11/17,2058,2077,2046,2077,70500
5444,大和工業(株),2023/11/17,7307,7470,7281,7470,218200
5445,東京鐵鋼(株),2023/11/17,3740,3815,3725,3815,118900
5451,(株)淀川製鋼所,2023/11/17,3745,3835,3745,3825,33100
5463,丸一鋼管(株),2023/11/17,3792,3869,3790,3864,166900
5471,大同特殊鋼(株),2023/11/17,6231,6381,6231,6376,78300
5480,日本冶金工業(株),2023/11/17,4070,4140,4060,4140,127800
5481,山陽特殊製鋼(株),2023/11/17,2580,2604,2566,2604,62000
5482,愛知製鋼(株),2023/11/17,3395,3485,3395,3475,48200
5486,日立金属(株),2023/11/17,---,---,---,---,---
5491,日本金属(株),2023/11/17,802,807,800,807,26600
5541,大平洋金属(株),2023/11/17,1310,1327,1297,1313,337000
5563,新日本電工(株),2023/11/17,289,295,289,295,516500
5602,(株)栗本鐵工所,2023/11/17,3150,3185,3110,3185,27900
5631,(株)日本製鋼所,2023/11/17,2543,2565,2540,2562,397300
5632,三菱製鋼(株),2023/11/17,1443,1486,1443,1484,70900
5659,日本精線(株),2023/11/17,4705,4750,4700,4740,4900
5698,(株)エンビプロ・ホールディングス,2023/11/17,665,668,652,660,61400
5702,(株)大紀アルミニウム工業所,2023/11/17,1181,1200,1181,1200,218600
5703,日本軽金属ホールディングス(株),2023/11/17,1655,1704,1655,1704,253000
5706,三井金属,2023/11/17,4380,4427,4337,4423,533000
5707,東邦亜鉛(株),2023/11/17,1201,1214,1188,1212,189500
5711,三菱マテリアル(株),2023/11/17,2436,2455.5,2426,2455.5,549700
5713,住友金属鉱山(株),2023/11/17,4390,4444,4376,4437,1551900
5714,ＤＯＷＡホールディングス(株),2023/11/17,5148,5184,5109,5153,245400
5715,古河機械金属(株),2023/11/17,1964,2009,1964,2009,131800
5726,(株)大阪チタニウムテクノロジーズ,2023/11/17,2975,3040,2962,3040,659300
5727,東邦チタニウム(株),2023/11/17,1918,1939,1893,1923,409100
5741,(株)ＵＡＣＪ,2023/11/17,3165,3225,3155,3225,106600
5757,(株)ＣＫサンエツ,2023/11/17,3620,3675,3610,3675,4000
5801,古河電気工業(株),2023/11/17,2330.5,2423,2330.5,2420,744800
5802,住友電気工業(株),2023/11/17,1854,1889.5,1853,1889.5,1884500
5803,(株)フジクラ,2023/11/17,1123,1132,1114,1131,2915000
5805,ＳＷＣＣ(株),2023/11/17,2641,2667,2626,2647,227500
5809,タツタ電線(株),2023/11/17,688,689,686,687,196200
5821,平河ヒューテック(株),2023/11/17,1401,1416,1401,1415,14400
5851,リョービ(株),2023/11/17,3090,3190,3085,3150,401900
5852,(株)アーレスティ,2023/11/17,809,870,804,870,2061900
5857,ＡＲＥホールディングス(株),2023/11/17,1906,1919,1903,1919,193700
5901,東洋製罐グループホールディングス(株),2023/11/17,2374.5,2416,2370,2415,505500
5902,ホッカンホールディングス(株),2023/11/17,1594,1621,1594,1619,14500
5911,(株)横河ブリッジホールディングス,2023/11/17,2600,2646,2594,2646,115200
5915,(株)駒井ハルテック,2023/11/17,2199,2252,2181,2252,12700
5929,三和ホールディングス(株),2023/11/17,2075,2129,2070.5,2114.5,520500
5930,文化シヤッター(株),2023/11/17,1371,1396,1369,1395,150100
5932,三協立山(株),2023/11/17,810,837,809,837,73000
5933,アルインコ(株),2023/11/17,1020,1021,1013,1020,47700
5938,(株)ＬＩＸＩＬ,2023/11/17,1763,1777,1755.5,1776.5,2459600
5943,(株)ノーリツ,2023/11/17,1530,1537,1522,1536,68000
5946,(株)長府製作所,2023/11/17,2065,2093,2065,2093,30100
5947,リンナイ(株),2023/11/17,2935,2992.5,2926,2980,624800
5949,ユニプレス(株),2023/11/17,950,969,949,969,181800
5957,日東精工(株),2023/11/17,554,575,554,572,153300
5959,岡部(株),2023/11/17,696,705,696,705,34400
5970,(株)ジーテクト,2023/11/17,1746,1764,1740,1764,52500
5975,東プレ(株),2023/11/17,1923,1933,1886,1933,145700
5976,ネツレン,2023/11/17,982,998,982,998,87500
5981,東京製綱(株),2023/11/17,1386,1403,1378,1403,35400
5985,サンコール(株),2023/11/17,471,473,469,473,43100
5988,(株)パイオラックス,2023/11/17,2315,2315,2278,2312,93100
5989,(株)エイチワン,2023/11/17,760,774,757,774,37800
5991,ニッパツ,2023/11/17,1129,1143,1121.5,1141,265900
5992,中央発條(株),2023/11/17,719,720,714,720,20200
6005,三浦工業(株),2023/11/17,2850.5,2873.5,2822.5,2873.5,282300
6013,(株)タクマ,2023/11/17,1514,1545,1502,1543,166900
6028,テクノプロ・ホールディングス(株),2023/11/17,3441,3472,3427,3462,395300
6035,(株)アイ・アールジャパンホールディングス,2023/11/17,1473,1497,1473,1490,103400
6036,ＫｅｅＰｅｒ技研(株),2023/11/17,6050,6050,5940,6010,127300
6047,(株)Ｇｕｎｏｓｙ,2023/11/17,675,684,672,673,197200
6050,イー・ガーディアン(株),2023/11/17,1516,1539,1516,1534,70900
6054,(株)リブセンス,2023/11/17,288,292,279,284,73900
6055,ジャパンマテリアル(株),2023/11/17,2306,2314,2253,2303,206200
6058,(株)ベクトル,2023/11/17,1118,1139,1110,1126,223600
6062,(株)チャーム・ケア・コーポレーション,2023/11/17,1142,1145,1123,1140,78200
6070,キャリアリンク(株),2023/11/17,2087,2104,2075,2099,107300
6071,(株)ＩＢＪ,2023/11/17,682,691,674,691,175800
6073,(株)アサンテ,2023/11/17,1573,1583,1571,1581,16400
6078,(株)バリューＨＲ,2023/11/17,1403,1403,1381,1403,61600
6080,Ｍ＆Ａキャピタルパートナーズ(株),2023/11/17,2082,2116,2069,2114,278500
6082,(株)ライドオンエクスプレスホールディングス,2023/11/17,1011,1021,1011,1021,5800
6087,(株)アビスト,2023/11/17,3075,3085,3070,3075,4900
6088,(株)シグマクシス・ホールディングス,2023/11/17,1285,1314,1281,1312,187900
6089,(株)ウィルグループ,2023/11/17,1103,1103,1094,1102,19600
6093,(株)エスクロー・エージェント・ジャパン,2023/11/17,141,142,140,141,97600
6095,メドピア(株),2023/11/17,730,738,708,731,1273600
6096,(株)レアジョブ,2023/11/17,904,908,888,897,77500
6098,(株)リクルートホールディングス,2023/11/17,5099,5112,4977,5021,5387300
6099,(株)エラン,2023/11/17,924,949,923,948,251800
6101,(株)ツガミ,2023/11/17,1170,1212,1167,1212,276500
6103,オークマ(株),2023/11/17,6336,6396,6329,6396,180900
6104,芝浦機械(株),2023/11/17,3490,3595,3490,3585,226600
6113,(株)アマダ,2023/11/17,1463.5,1485,1461.5,1484,1048700
6118,アイダエンジニアリング(株),2023/11/17,886,888,879,886,101100
6134,(株)ＦＵＪＩ,2023/11/17,2412.5,2443.5,2412,2440,191100
6135,(株)牧野フライス製作所,2023/11/17,5720,5880,5720,5870,94800
6136,ＯＳＧ,2023/11/17,1775,1813,1775,1813,206000
6140,旭ダイヤモンド工業(株),2023/11/17,880,904,880,899,311900
6141,ＤＭＧ森精機(株),2023/11/17,2649.5,2684,2643,2684,989800
6143,(株)ソディック,2023/11/17,790,795,782,793,304900
6146,(株)ディスコ,2023/11/17,32170,32360,31580,32070,1218600
6151,日東工器(株),2023/11/17,1813,1842,1812,1832,24400
6157,日進工具(株),2023/11/17,1006,1024,1001,1024,28600
6165,パンチ工業(株),2023/11/17,420,422,417,422,85000
6167,冨士ダイス(株),2023/11/17,647,656,645,650,39500
6171,(株)土木管理総合試験所,2023/11/17,318,320,318,320,11900
6178,日本郵政(株),2023/11/17,1283,1338,1282,1332,15294800
6183,(株)ベルシステム２４ホールディングス,2023/11/17,1649,1674,1647,1673,156500
6184,(株)鎌倉新書,2023/11/17,606,607,588,591,395500
6185,ＳＭＮ(株),2023/11/17,285,289,284,287,29000
6189,(株)グローバルキッズＣＯＭＰＡＮＹ,2023/11/17,640,649,640,647,9000
6191,(株)エアトリ,2023/11/17,1760,1783,1720,1783,365500
6194,(株)アトラエ,2023/11/17,805,833,789,821,384900
6196,(株)ストライク,2023/11/17,3660,3710,3600,3705,135900
6197,(株)ソラスト,2023/11/17,586,594,582,592,250700
6199,(株)セラク,2023/11/17,1258,1274,1250,1269,51300
6200,(株)インソース,2023/11/17,980,980,949,974,472000
6201,(株)豊田自動織機,2023/11/17,11955,12240,11920,12240,350800
6203,豊和工業(株),2023/11/17,747,755,747,753,36400
6210,東洋機械金属(株),2023/11/17,644,650,643,650,60300
6218,エンシュウ(株),2023/11/17,678,689,678,686,25100
6222,(株)島精機製作所,2023/11/17,1606,1612,1588,1612,39200
6235,(株)オプトラン,2023/11/17,1658,1668,1631,1647,272400
6237,(株)イワキ,2023/11/17,1842,1938,1840,1938,124900
6238,フリュー(株),2023/11/17,1228,1303,1221,1303,494900
6240,ヤマシンフィルタ(株),2023/11/17,309,314,307,314,204600
6247,(株)日阪製作所,2023/11/17,925,941,925,940,62000
6250,(株)やまびこ,2023/11/17,1446,1463,1444,1462,57500
6254,野村マイクロ・サイエンス(株),2023/11/17,9800,10220,9740,10180,733400
6258,平田機工(株),2023/11/17,6200,6250,6140,6250,64300
6262,(株)ＰＥＧＡＳＵＳ,2023/11/17,456,469,455,465,112000
6264,(株)マルマエ,2023/11/17,1556,1585,1551,1560,48000
6266,タツモ(株),2023/11/17,3605,3750,3515,3745,441400
6268,ナブテスコ(株),2023/11/17,2704,2718,2677,2711.5,600400
6269,三井海洋開発(株),2023/11/17,1923,1995,1914,1988,214400
6272,レオン自動機(株),2023/11/17,1463,1512,1463,1511,79100
6273,ＳＭＣ(株),2023/11/17,74540,74790,73450,74790,229500
6277,ホソカワミクロン(株),2023/11/17,4195,4250,4155,4200,171000
6278,ユニオンツール(株),2023/11/17,3470,3505,3445,3485,27300
6282,オイレス工業(株),2023/11/17,1940,1970,1934,1967,33400
6284,日精エー・エス・ビー機械(株),2023/11/17,5020,5060,4950,5060,36100
6287,サトーホールディングス(株),2023/11/17,2029,2036,1997,2029,69500
6289,(株)技研製作所,2023/11/17,1774,1808,1765,1808,93900
6291,日本エアーテック(株),2023/11/17,1363,1388,1358,1387,71000
6293,日精樹脂工業(株),2023/11/17,1036,1053,1035,1053,32300
6294,オカダアイヨン(株),2023/11/17,2160,2195,2144,2194,17100
6298,ワイエイシイホールディングス(株),2023/11/17,2505,2630,2469,2624,286400
6301,コマツ,2023/11/17,3720,3825,3710,3816,5319400
6302,住友重機械工業(株),2023/11/17,3423,3494,3417,3491,275000
6305,日立建機(株),2023/11/17,4050,4129,4041,4123,914900
6306,日工(株),2023/11/17,662,670,661,670,38300
6309,巴工業(株),2023/11/17,2863,2888,2857,2882,18900
6310,井関農機(株),2023/11/17,1079,1104,1079,1102,78000
6315,ＴＯＷＡ(株),2023/11/17,6370,6830,6360,6760,4178400
6317,(株)北川鉄工所,2023/11/17,1271,1298,1271,1295,24900
6323,ローツェ(株),2023/11/17,13990,14320,13660,14170,375000
6326,(株)クボタ,2023/11/17,2111.5,2149.5,2104,2143.5,5726000
6328,荏原実業(株),2023/11/17,2772,2796,2752,2796,21400
6330,東洋エンジニアリング(株),2023/11/17,685,694,681,694,104000
6331,三菱化工機(株),2023/11/17,2926,3050,2926,3050,53900
6332,月島ホールディングス(株),2023/11/17,1276,1314,1276,1314,65400
6333,(株)帝国電機製作所,2023/11/17,2653,2734,2653,2730,30100
6339,新東工業(株),2023/11/17,1089,1115,1088,1112,85000
6340,澁谷工業(株),2023/11/17,2481,2551,2478,2532,66800
6345,(株)アイチコーポレーション,2023/11/17,894,908,893,908,75300
6349,(株)小森コーポレーション,2023/11/17,1173,1205,1169,1205,96300
6351,(株)鶴見製作所,2023/11/17,3790,3835,3760,3825,54300
6358,酒井重工業(株),2023/11/17,6060,6190,6060,6190,28700
6361,荏原,2023/11/17,8108,8264,8098,8263,438200
6363,(株)酉島製作所,2023/11/17,1930,2065,1925,2057,548400
6364,北越工業(株),2023/11/17,1983,2071,1977,2060,42600
6367,ダイキン工業(株),2023/11/17,23675,23835,23540,23745,787000
6368,オルガノ(株),2023/11/17,5550,5730,5530,5690,218500
6369,トーヨーカネツ(株),2023/11/17,3475,3495,3445,3480,15500
6370,栗田工業(株),2023/11/17,4975,4993,4910,4991,660900
6371,(株)椿本チエイン,2023/11/17,3730,3765,3715,3765,92900
6376,日機装(株),2023/11/17,955,958,948,956,109800
6379,レイズネクスト(株),2023/11/17,1374,1404,1359,1401,122100
6381,アネスト岩田(株),2023/11/17,1099,1115,1093,1110,63000
6383,(株)ダイフク,2023/11/17,2633,2660.5,2618.5,2657,1314900
6387,サムコ(株),2023/11/17,4990,5000,4785,4925,216900
6390,(株)加藤製作所,2023/11/17,1132,1170,1132,1170,42700
6395,(株)タダノ,2023/11/17,1132,1159.5,1127,1156.5,398400
6406,フジテック(株),2023/11/17,3452,3500,3445,3480,192500
6407,ＣＫＤ(株),2023/11/17,2141,2149,2114,2139,156600
6409,(株)キトー,2023/11/17,---,---,---,---,---
6412,(株)平和,2023/11/17,2018,2037,2007,2037,185000
6413,理想科学工業(株),2023/11/17,2627,2690,2627,2690,23500
6417,(株)ＳＡＮＫＹＯ,2023/11/17,6044,6083,5956,6072,975800
6418,日本金銭機械(株),2023/11/17,1115,1147,1115,1147,192600
6419,(株)マースグループホールディングス,2023/11/17,2350,2375,2337,2375,120800
6420,フクシマガリレイ(株),2023/11/17,5040,5110,5010,5080,18900
6428,(株)オーイズミ,2023/11/17,378,383,374,377,80500
6430,ダイコク電機(株),2023/11/17,3680,3685,3535,3595,464000
6432,(株)竹内製作所,2023/11/17,4275,4405,4245,4400,320400
6436,アマノ(株),2023/11/17,3140,3187,3139,3187,104500
6440,ＪＵＫＩ(株),2023/11/17,509,512,504,512,207900
6444,サンデン(株),2023/11/17,170,171,168,171,86000
6445,(株)ジャノメ,2023/11/17,681,687,677,687,66800
6448,ブラザー工業(株),2023/11/17,2482,2509.5,2479.5,2503.5,532000
6454,マックス(株),2023/11/17,2800,2865,2796,2865,54500
6455,(株)モリタホールディングス,2023/11/17,1504,1536,1504,1536,26800
6457,グローリー(株),2023/11/17,2722.5,2769,2694.5,2765,395700
6458,新晃工業(株),2023/11/17,2539,2569,2501,2518,44000
6459,大和冷機工業(株),2023/11/17,1383,1410,1383,1407,27600
6460,セガサミーホールディングス(株),2023/11/17,2159,2194,2150,2194,1301500
6461,日本ピストンリング(株),2023/11/17,---,---,---,---,---
6462,(株)リケン,2023/11/17,---,---,---,---,---
6463,ＴＰＲ(株),2023/11/17,1778,1793,1764,1793,53200
6464,(株)ツバキ・ナカシマ,2023/11/17,743,750,737,749,198700
6465,ホシザキ(株),2023/11/17,4660,4711,4650,4711,326000
6470,大豊工業(株),2023/11/17,850,861,845,860,38600
6471,日本精工(株),2023/11/17,798.2,803.1,793.5,803.1,1973400
6472,ＮＴＮ(株),2023/11/17,283,284.5,281.5,283.5,3359900
6473,(株)ジェイテクト,2023/11/17,1345,1371.5,1342.5,1369,605100
6474,(株)不二越,2023/11/17,3875,3900,3825,3895,94600
6479,ミネベアミツミ(株),2023/11/17,2786.5,2798,2755,2791,1346300
6480,日本トムソン(株),2023/11/17,555,560,553,559,181900
6481,ＴＨＫ(株),2023/11/17,2911,2930.5,2891.5,2929.5,468600
6482,(株)ユーシン精機,2023/11/17,659,666,655,664,40800
6485,前澤給装工業(株),2023/11/17,1309,1330,1306,1330,15300
6486,イーグル工業(株),2023/11/17,1662,1675,1649,1674,63700
6490,日本ピラー工業(株),2023/11/17,4350,4475,4335,4420,120700
6498,(株)キッツ,2023/11/17,1110,1120,1106,1120,124700
6501,(株)日立製作所,2023/11/17,10085,10405,10050,10400,2846600
6502,(株)東芝,2023/11/17,4602,4603,4600,4600,2394900
6503,三菱電機(株),2023/11/17,1959,2008,1957.5,2008,6342400
6504,富士電機(株),2023/11/17,6070,6123,6034,6119,554800
6506,(株)安川電機,2023/11/17,5591,5619,5540,5611,1381300
6507,シンフォニアテクノロジー(株),2023/11/17,1884,1963,1884,1962,235800
6508,(株)明電舎,2023/11/17,2420,2467,2414,2443,92200
6516,山洋電気(株),2023/11/17,5790,5870,5750,5860,24000
6517,デンヨー(株),2023/11/17,2260,2270,2221,2262,44200
6523,ＰＨＣホールディングス(株),2023/11/17,1399,1432,1396,1432,216500
6532,(株)ベイカレント・コンサルティング,2023/11/17,4565,4687,4538,4611,854400
6533,(株)Ｏｒｃｈｅｓｔｒａ　Ｈｏｌｄｉｎｇｓ,2023/11/17,864,873,852,873,29300
6535,(株)アイモバイル,2023/11/17,457,467,456,464,112300
6538,(株)キャリアインデックス,2023/11/17,218,220,212,218,221000
6539,(株)ＭＳ−Ｊａｐａｎ,2023/11/17,1106,1140,1106,1140,69600
6544,ジャパンエレベーターサービスホールディングス(株),2023/11/17,2208,2238,2168,2238,210700
6553,ソウルドアウト(株),2023/11/17,---,---,---,---,---
6556,ウェルビー(株),2023/11/17,692,699,665,670,255700
6560,(株)エル・ティー・エス,2023/11/17,3470,3560,3470,3520,26400
6564,(株)ミダックホールディングス,2023/11/17,1640,1653,1581,1653,296100
6569,日総工産(株),2023/11/17,---,---,---,---,---
6571,キュービーネットホールディングス(株),2023/11/17,1600,1600,1558,1567,101000
6572,ＲＰＡホールディングス(株),2023/11/17,276,281,276,281,47800
6584,三桜工業(株),2023/11/17,932,934,910,930,286500
6586,(株)マキタ,2023/11/17,3896,3949,3891,3931,540100
6588,東芝テック(株),2023/11/17,3005,3040,2974,3040,99900
6590,芝浦メカトロニクス(株),2023/11/17,7490,7590,7270,7590,585000
6592,マブチモーター(株),2023/11/17,4537,4576,4523,4571,142200
6594,ニデック(株),2023/11/17,5750,5813,5717,5801,3216200
6615,ユー・エム・シー・エレクトロニクス(株),2023/11/17,396,403,395,400,35800
6616,トレックス・セミコンダクター(株),2023/11/17,1871,1871,1803,1840,80000
6617,(株)東光高岳,2023/11/17,1977,2029,1977,2024,26200
6619,ダブル・スコープ(株),2023/11/17,940,962,916,931,2834400
6620,宮越ホールディングス(株),2023/11/17,1168,1182,1159,1171,21500
6622,(株)ダイヘン,2023/11/17,5480,5500,5430,5500,104300
6630,ヤーマン(株),2023/11/17,1029,1034,1022,1034,213900
6632,(株)ＪＶＣケンウッド,2023/11/17,667,668,639,660,4971000
6638,(株)ミマキエンジニアリング,2023/11/17,855,870,840,865,138000
6640,Ｉ−ＰＥＸ(株),2023/11/17,1608,1631,1595,1629,45100
6641,日新電機(株),2023/11/17,---,---,---,---,---
6644,大崎電気工業(株),2023/11/17,610,624,610,623,106100
6645,オムロン(株),2023/11/17,6100,6126,6066,6115,731200
6651,日東工業(株),2023/11/17,3395,3440,3390,3440,142200
6652,ＩＤＥＣ(株),2023/11/17,2841,2843,2805,2843,80900
6653,(株)正興電機製作所,2023/11/17,1103,1112,1098,1101,16800
6674,(株)ジーエス・ユアサ　コーポレーション,2023/11/17,2537.5,2545,2516.5,2540,457200
6675,サクサホールディングス(株),2023/11/17,2182,2309,2174,2309,38800
6676,(株)メルコホールディングス,2023/11/17,3270,3365,3270,3350,10100
6678,(株)テクノメディカ,2023/11/17,2510,2590,2510,2590,12100
6699,ダイヤモンドエレクトリックホールディングス(株),2023/11/17,743,747,718,721,152200
6701,ＮＥＣ,2023/11/17,8000,8194,7980,8174,1077100
6702,富士通(株),2023/11/17,20005,20630,20000,20630,750300
6703,ＯＫＩ,2023/11/17,958,986,958,985,391500
6704,岩崎通信機(株),2023/11/17,750,756,747,751,2200
6706,電気興業(株),2023/11/17,2291,2342,2291,2337,16000
6707,サンケン電気(株),2023/11/17,7515,7597,7331,7578,236500
6718,アイホン(株),2023/11/17,2758,2810,2758,2810,20300
6723,ルネサスエレクトロニクス(株),2023/11/17,2460,2486,2404.5,2486,19317500
6724,セイコーエプソン(株),2023/11/17,2181,2188.5,2158.5,2180.5,933400
6727,(株)ワコム,2023/11/17,715,723,705,720,733000
6728,(株)アルバック,2023/11/17,6439,6495,6366,6451,328200
6737,ＥＩＺＯ(株),2023/11/17,4715,4795,4715,4795,58400
6740,(株)ジャパンディスプレイ,2023/11/17,35,36,34,35,12851500
6741,日本信号(株),2023/11/17,944,957,944,957,74600
6742,(株)京三製作所,2023/11/17,476,482,475,481,55000
6744,能美防災(株),2023/11/17,1852,1871,1842,1870,32800
6745,ホーチキ(株),2023/11/17,1688,1700,1680,1700,15900
6750,エレコム(株),2023/11/17,1585,1615,1585,1615,189900
6752,パナソニック　ホールディングス(株),2023/11/17,1400,1522.5,1395,1497,22672200
6753,シャープ(株),2023/11/17,981.1,999.9,975.6,993.3,2773800
6754,アンリツ(株),2023/11/17,1239,1246,1230,1246,1210800
6755,(株)富士通ゼネラル,2023/11/17,2741.5,2777,2718.5,2777,676000
6758,ソニーグループ(株),2023/11/17,13050,13110,12935,13085,3395200
6762,ＴＤＫ(株),2023/11/17,6568,6601,6542,6578,1792100
6763,帝国通信工業(株),2023/11/17,1888,1947,1887,1937,27300
6768,(株)タムラ製作所,2023/11/17,556,569,546,568,456800
6770,アルプスアルパイン(株),2023/11/17,1224,1233.5,1219,1232,756800
6779,日本電波工業(株),2023/11/17,1194,1212,1184,1211,210500
6785,(株)鈴木,2023/11/17,1151,1165,1144,1161,45700
6787,(株)メイコー,2023/11/17,4330,4455,4310,4455,182500
6788,(株)日本トリム,2023/11/17,2980,3020,2975,3020,10800
6789,ローランド　ディー．ジー．(株),2023/11/17,3510,3545,3490,3515,58800
6794,フォスター電機(株),2023/11/17,1115,1144,1102,1130,598800
6798,ＳＭＫ(株),2023/11/17,2432,2465,2426,2465,3700
6800,(株)ヨコオ,2023/11/17,1415,1461,1402,1461,192300
6804,ホシデン(株),2023/11/17,1737,1767,1727,1751,184600
6806,ヒロセ電機(株),2023/11/17,16315,16330,16185,16310,138200
6807,日本航空電子工業(株),2023/11/17,2867,2904,2858,2865,337700
6809,ＴＯＡ(株),2023/11/17,1017,1029,1013,1027,37800
6810,マクセル(株),2023/11/17,1640,1654,1633,1653,95800
6814,古野電気(株),2023/11/17,1736,1790,1736,1790,110400
6815,ユニデンホールディングス(株),2023/11/17,---,---,---,---,---
6817,スミダコーポレーション(株),2023/11/17,1162,1193,1156,1191,553500
6820,アイコム(株),2023/11/17,3155,3235,3150,3235,25000
6823,リオン(株),2023/11/17,2158,2195,2149,2192,23100
6826,本多通信工業(株),2023/11/17,---,---,---,---,---
6841,横河電機(株),2023/11/17,2901.5,2914,2835.5,2866.5,910600
6844,新電元工業(株),2023/11/17,2932,2972,2932,2965,28100
6845,アズビル(株),2023/11/17,4954,5026,4938,5003,374800
6849,日本光電,2023/11/17,3795,3795,3737,3763,210000
6850,(株)チノー,2023/11/17,2100,2145,2072,2145,26000
6853,(株)共和電業,2023/11/17,405,408,402,407,75800
6856,(株)堀場製作所,2023/11/17,9143,9199,9077,9176,179800
6857,(株)アドバンテスト,2023/11/17,4720,4802,4674,4717,11027100
6859,エスペック(株),2023/11/17,2255,2287,2247,2281,58300
6861,(株)キーエンス,2023/11/17,62420,63110,62300,63110,615600
6866,ＨＩＯＫＩ(株),2023/11/17,6640,6680,6570,6660,36100
6869,シスメックス(株),2023/11/17,7797,7930,7797,7908,507000
6871,(株)日本マイクロニクス,2023/11/17,3480,3660,3425,3615,1394900
6875,(株)メガチップス,2023/11/17,3860,3900,3840,3870,133100
6879,(株)ＩＭＡＧＩＣＡ　ＧＲＯＵＰ,2023/11/17,653,654,634,648,261700
6902,(株)デンソー,2023/11/17,2459.5,2521.5,2453.5,2520.5,6496600
6904,原田工業(株),2023/11/17,775,782,775,780,26000
6905,コーセル(株),2023/11/17,1164,1189,1164,1185,166200
6908,イリソ電子工業(株),2023/11/17,3860,3890,3835,3865,62800
6914,オプテックスグループ(株),2023/11/17,1758,1758,1730,1754,53600
6920,レーザーテック(株),2023/11/17,30910,31630,30600,31260,13519800
6923,スタンレー電気(株),2023/11/17,2689,2730,2680,2727.5,550200
6924,岩崎電気(株),2023/11/17,---,---,---,---,---
6925,ウシオ電機(株),2023/11/17,1920.5,1936.5,1917.5,1933.5,291400
6928,(株)エノモト,2023/11/17,1506,1526,1506,1512,32400
6929,日本セラミック(株),2023/11/17,2762,2779,2735,2774,62000
6932,(株)遠藤照明,2023/11/17,1173,1206,1171,1201,48200
6937,古河電池(株),2023/11/17,903,917,903,917,35200
6941,山一電機(株),2023/11/17,1804,1836,1804,1834,122800
6947,(株)図研,2023/11/17,3975,4060,3970,4055,58100
6951,日本電子(株),2023/11/17,5650,5755,5650,5729,357700
6952,カシオ計算機(株),2023/11/17,1235,1254,1233.5,1252,1354000
6954,ファナック(株),2023/11/17,4000,4047,3983,4043,3303100
6958,日本ＣＭＫ(株),2023/11/17,739,742,723,727,285400
6961,(株)エンプラス,2023/11/17,10750,10960,10540,10760,214500
6962,(株)大真空,2023/11/17,739,741,731,739,118700
6963,ローム(株),2023/11/17,2699,2727.5,2681,2726.5,3627000
6965,浜松ホトニクス(株),2023/11/17,6010,6015,5891,5924,627400
6966,(株)三井ハイテック,2023/11/17,7180,7265,7131,7247,230300
6967,新光電気工業(株),2023/11/17,5450,5512,5425,5465,815800
6971,京セラ(株),2023/11/17,8035,8073,7986,8043,1276700
6976,太陽誘電(株),2023/11/17,3891,3907,3863,3896,845800
6981,(株)村田製作所,2023/11/17,2893,2909.5,2884.5,2909.5,5412000
6986,双葉電子工業(株),2023/11/17,523,532,522,532,77900
6988,日東電工(株),2023/11/17,10655,10740,10580,10715,389700
6989,北陸電気工業(株),2023/11/17,1356,1365,1349,1363,12800
6995,(株)東海理化,2023/11/17,2415,2448,2412,2437,122000
6996,ニチコン(株),2023/11/17,1409,1409,1385,1404,280800
6997,日本ケミコン(株),2023/11/17,1309,1322,1291,1312,532000
6999,ＫＯＡ(株),2023/11/17,1520,1544,1513,1544,134500
7003,(株)三井Ｅ＆Ｓ,2023/11/17,475,486,472,486,3195000
7004,日立造船(株),2023/11/17,858,873,857,873,755300
7011,三菱重工業(株),2023/11/17,8378,8470,8337,8470,2625600
7012,川崎重工業(株),2023/11/17,3370,3430,3361,3427,1385300
7013,(株)ＩＨＩ,2023/11/17,2858,2887.5,2847,2886,1170300
7030,(株)スプリックス,2023/11/17,793,800,793,800,7300
7033,(株)マネジメントソリューションズ,2023/11/17,2867,2942,2827,2942,151700
7034,(株)プロレド・パートナーズ,2023/11/17,370,392,370,390,30500
7035,ａｎｄ　ｆａｃｔｏｒｙ(株),2023/11/17,327,328,325,328,8700
7037,(株)テノ．ホールディングス,2023/11/17,466,466,450,458,8700
7038,フロンティア・マネジメント(株),2023/11/17,1519,1569,1519,1538,32900
7044,(株)ピアラ,2023/11/17,302,305,295,301,63200
7059,(株)コプロ・ホールディングス,2023/11/17,1428,1466,1410,1465,143800
7060,ギークス(株),2023/11/17,514,514,493,504,175600
7085,(株)カーブスホールディングス,2023/11/17,640,647,636,647,148600
7088,(株)フォーラムエンジニアリング,2023/11/17,1490,1514,1490,1514,36500
7092,(株)Ｆａｓｔ　Ｆｉｔｎｅｓｓ　Ｊａｐａｎ,2023/11/17,1065,1086,1041,1086,115400
7102,日本車輌製造(株),2023/11/17,2065,2098,2065,2098,9100
7128,フルサト・マルカホールディングス(株),2023/11/17,2801,2839,2801,2839,23000
7130,ヤマエグループホールディングス(株),2023/11/17,3625,3745,3585,3700,103400
7135,ジャパンクラフトホールディングス(株),2023/11/17,177,177,173,175,80000
7148,(株)ＦＰＧ,2023/11/17,1473,1510,1448,1471,1122800
7164,全国保証(株),2023/11/17,4790,4813,4775,4807,224700
7167,(株)めぶきフィナンシャルグループ,2023/11/17,425.6,445.9,425.3,445,5443000
7172,(株)ジャパンインベストメントアドバイザー,2023/11/17,1552,1580,1547,1580,70500
7173,(株)東京きらぼしフィナンシャルグループ,2023/11/17,4185,4275,4150,4270,94600
7180,(株)九州フィナンシャルグループ,2023/11/17,800,817.7,792.2,816.9,3953200
7181,(株)かんぽ生命保険,2023/11/17,2767.5,2895,2764.5,2887,1721900
7182,(株)ゆうちょ銀行,2023/11/17,1391.5,1450.5,1387.5,1450.5,22266900
7184,(株)富山第一銀行,2023/11/17,848,902,842,898,1004600
7186,(株)コンコルディア・フィナンシャルグループ,2023/11/17,660,677.8,657,677.1,4538800
7187,ジェイリース(株),2023/11/17,1825,1840,1803,1812,109500
7189,(株)西日本フィナンシャルホールディングス,2023/11/17,1635,1667,1627,1659,612100
7191,(株)イントラスト,2023/11/17,796,801,794,800,37700
7196,(株)Ｃａｓａ,2023/11/17,835,836,830,830,8300
7198,アルヒ(株),2023/11/17,800,808,796,808,253400
7199,プレミアグループ(株),2023/11/17,1687,1694,1664,1667,148300
7201,日産自動車(株),2023/11/17,600.3,616.1,597,616.1,24481100
7202,いすゞ自動車(株),2023/11/17,1902,1936.5,1895,1933.5,2739100
7203,トヨタ自動車(株),2023/11/17,2840,2892.5,2834,2892.5,24794700
7205,日野自動車(株),2023/11/17,484.2,489.2,482.6,489.2,1945200
7211,三菱自動車(株),2023/11/17,495,502.4,493.1,502.4,11793300
7212,(株)エフテック,2023/11/17,627,636,625,636,79700
7213,レシップホールディングス(株),2023/11/17,530,549,526,547,20800
7220,武蔵精密工業(株),2023/11/17,1609,1621,1594,1621,367400
7222,日産車体(株),2023/11/17,813,820,808,812,103700
7224,新明和工業(株),2023/11/17,1192,1216,1189,1216,141500
7226,極東開発工業(株),2023/11/17,1890,1970,1890,1970,81300
7231,トピー工業(株),2023/11/17,2672,2782,2670,2781,112600
7236,(株)ティラド,2023/11/17,3190,3225,3150,3190,31700
7238,曙ブレーキ工業(株),2023/11/17,122,122,120,122,481900
7239,(株)タチエス,2023/11/17,1664,1687,1663,1687,247000
7240,ＮＯＫ(株),2023/11/17,1883.5,1924.5,1878.5,1923,467400
7241,フタバ産業(株),2023/11/17,752,772,751,772,331300
7242,カヤバ(株),2023/11/17,4480,4565,4455,4565,104900
7244,市光工業(株),2023/11/17,538,543,529,537,179100
7245,大同メタル工業(株),2023/11/17,560,568,555,567,69200
7246,プレス工業(株),2023/11/17,611,620,610,617,631500
7247,(株)ミクニ,2023/11/17,435,443,434,442,79600
7250,太平洋工業(株),2023/11/17,1397,1418,1395,1418,129300
7256,河西工業(株),2023/11/17,225,225,211,217,773400
7259,(株)アイシン,2023/11/17,5540,5686,5531,5686,603100
7261,マツダ(株),2023/11/17,1759,1786.5,1753,1786.5,3800100
7266,(株)今仙電機製作所,2023/11/17,584,591,584,591,30000
7267,ホンダ,2023/11/17,1590,1626,1586,1626,17392100
7269,スズキ(株),2023/11/17,6317,6378,6307,6375,1194200
7270,(株)ＳＵＢＡＲＵ,2023/11/17,2748.5,2760,2727.5,2758.5,2222400
7271,(株)安永,2023/11/17,700,714,700,714,25400
7272,ヤマハ発動機(株),2023/11/17,3717,3770,3712,3755,1759100
7276,(株)小糸製作所,2023/11/17,2397,2397.5,2354.5,2367,789700
7277,(株)ＴＢＫ,2023/11/17,386,386,380,386,85700
7278,(株)エクセディ,2023/11/17,2546,2582,2545,2582,91800
7280,(株)ミツバ,2023/11/17,847,869,837,868,349900
7282,豊田合成(株),2023/11/17,3054,3096,3026,3096,391000
7283,愛三工業(株),2023/11/17,1264,1293,1258,1293,154400
7294,(株)ヨロズ,2023/11/17,896,908,890,908,32700
7296,(株)エフ・シー・シー,2023/11/17,1803,1832,1796,1831,95100
7309,(株)シマノ,2023/11/17,22420,22570,22250,22510,175800
7313,テイ・エス　テック(株),2023/11/17,1785,1807,1777,1805,210600
7322,(株)三十三フィナンシャルグループ,2023/11/17,1800,1845,1798,1840,47200
7327,(株)第四北越フィナンシャルグループ,2023/11/17,3750,3885,3745,3870,105700
7337,(株)ひろぎんホールディングス,2023/11/17,910,929.5,906,927.6,907400
7347,(株)マーキュリアホールディングス,2023/11/17,741,749,741,747,4800
7350,(株)おきなわフィナンシャルグループ,2023/11/17,2359,2391,2342,2386,34600
7354,(株)ダイレクトマーケティングミックス,2023/11/17,460,461,447,456,392700
7358,(株)ポピンズ,2023/11/17,1378,1386,1349,1370,30300
7366,(株)ＬＩＴＡＬＩＣＯ,2023/11/17,2081,2081,2036,2059,106600
7380,(株)十六フィナンシャルグループ,2023/11/17,3740,3805,3715,3790,87300
7381,(株)北國フィナンシャルホールディングス,2023/11/17,4500,4625,4490,4595,66100
7383,(株)ネットプロテクションズホールディングス,2023/11/17,285,287,265,273,519400
7384,(株)プロクレアホールディングス,2023/11/17,1885,1908,1876,1903,54800
7408,(株)ジャムコ,2023/11/17,1452,1478,1452,1475,54400
7414,小野建(株),2023/11/17,1661,1677,1660,1675,29200
7419,(株)ノジマ,2023/11/17,1402,1402,1387,1400,206000
7420,佐鳥電機(株),2023/11/17,1890,1918,1888,1918,47900
7421,カッパ・クリエイト(株),2023/11/17,1620,1636,1613,1636,66000
7433,伯東(株),2023/11/17,5250,5330,5250,5330,84200
7438,コンドーテック(株),2023/11/17,1162,1163,1152,1156,26200
7445,(株)ライトオン,2023/11/17,442,448,441,447,60800
7447,ナガイレーベン(株),2023/11/17,2215,2259,2215,2259,33500
7453,(株)良品計画,2023/11/17,2056,2099.5,2055,2087.5,1924900
7455,(株)パリミキホールディングス,2023/11/17,404,436,400,428,230600
7456,松田産業(株),2023/11/17,2450,2466,2433,2465,53600
7458,(株)第一興商,2023/11/17,2183.5,2191.5,2177,2191,159600
7459,(株)メディパルホールディングス,2023/11/17,2361.5,2406.5,2360,2398,680700
7466,ＳＰＫ(株),2023/11/17,1831,1860,1824,1857,22400
7467,萩原電気ホールディングス(株),2023/11/17,4330,4535,4315,4525,89800
7475,アルビス(株),2023/11/17,2505,2535,2505,2533,9700
7476,アズワン(株),2023/11/17,4982,5047,4982,5037,46200
7482,(株)シモジマ,2023/11/17,1194,1230,1194,1230,29000
7483,(株)ドウシシャ,2023/11/17,2089,2100,2080,2100,24800
7487,小津産業(株),2023/11/17,1567,1580,1567,1576,6300
7494,(株)コナカ,2023/11/17,393,401,393,401,62800
7504,(株)高速,2023/11/17,1943,1988,1938,1988,13300
7508,(株)Ｇ−７ホールディングス,2023/11/17,1163,1177,1161,1177,52100
7510,(株)たけびし,2023/11/17,1805,1827,1805,1827,10900
7513,(株)コジマ,2023/11/17,657,665,656,665,124600
7514,(株)ヒマラヤ,2023/11/17,916,921,916,920,14800
7516,コーナン商事(株),2023/11/17,3670,3745,3655,3735,57700
7518,ネットワンシステムズ(株),2023/11/17,2054,2080,2050,2067,1138200
7520,(株)エコス,2023/11/17,2204,2222,2194,2212,6800
7522,ワタミ(株),2023/11/17,1013,1015,998,1010,157400
7525,リックス(株),2023/11/17,3340,3365,3305,3330,14500
7527,(株)システムソフト,2023/11/17,66,66,64,66,138200
7532,(株)パン・パシフィック・インターナショナルホールディングス,2023/11/17,3310,3399,3303,3376,1848400
7537,丸文(株),2023/11/17,1279,1370,1274,1370,288400
7545,(株)西松屋チェーン,2023/11/17,1841,1860,1838,1860,176700
7550,(株)ゼンショーホールディングス,2023/11/17,8780,8875,8715,8864,584500
7552,(株)ハピネット,2023/11/17,2348,2427,2345,2427,108700
7554,(株)幸楽苑ホールディングス,2023/11/17,1092,1092,1079,1090,36000
7561,(株)ハークスレイ,2023/11/17,643,645,632,645,56100
7570,橋本総業ホールディングス(株),2023/11/17,1183,1201,1183,1201,8400
7575,日本ライフライン(株),2023/11/17,1097,1124,1097,1124,191300
7581,(株)サイゼリヤ,2023/11/17,5680,5790,5670,5790,192600
7590,(株)タカショー,2023/11/17,590,595,589,595,47200
7593,ＶＴホールディングス(株),2023/11/17,507,514,507,513,172900
7595,(株)アルゴグラフィックス,2023/11/17,3490,3550,3475,3505,34300
7596,(株)魚力,2023/11/17,2189,2205,2185,2205,9500
7599,(株)ＩＤＯＭ,2023/11/17,884,935,880,918,1980300
7600,(株)日本エム・ディ・エム,2023/11/17,675,680,670,680,43000
7605,(株)フジ・コーポレーション,2023/11/17,1691,1708,1646,1685,48100
7606,(株)ユナイテッドアローズ,2023/11/17,1778,1778,1758,1769,150800
7607,(株)進和,2023/11/17,2370,2393,2367,2393,50300
7609,ダイトロン(株),2023/11/17,2852,2901,2840,2901,33700
7611,(株)ハイデイ日高,2023/11/17,2698,2724,2675,2724,67000
7613,シークス(株),2023/11/17,1557,1562,1493,1497,261900
7616,(株)コロワイド,2023/11/17,2275.5,2329.5,2269,2327.5,286700
7618,(株)ピーシーデポコーポレーション,2023/11/17,---,---,---,---,---
7628,(株)オーハシテクニカ,2023/11/17,1742,1764,1742,1764,13800
7630,(株)壱番屋,2023/11/17,5310,5320,5270,5310,23100
7637,白銅(株),2023/11/17,2240,2251,2231,2250,8800
7649,スギホールディングス(株),2023/11/17,6247,6341,6241,6341,164100
7679,(株)薬王堂ホールディングス,2023/11/17,2734,2755,2705,2751,20600
7701,(株)島津製作所,2023/11/17,3800,3825,3793,3817,558300
7702,(株)ＪＭＳ,2023/11/17,510,518,510,518,33100
7715,長野計器(株),2023/11/17,2001,2071,1982,2052,238400
7717,(株)ブイ・テクノロジー,2023/11/17,2218,2248,2198,2224,78900
7718,スター精密(株),2023/11/17,1830,1831,1809,1827,124300
7721,東京計器(株),2023/11/17,1605,1675,1605,1655,151000
7723,愛知時計電機(株),2023/11/17,2271,2291,2254,2289,15400
7725,(株)インターアクション,2023/11/17,1011,1019,1004,1019,68100
7727,(株)オーバル,2023/11/17,472,500,471,500,441900
7729,(株)東京精密,2023/11/17,8751,8921,8712,8921,447700
7730,マニー(株),2023/11/17,2154.5,2188,2145,2187,328600
7731,(株)ニコン,2023/11/17,1396,1421,1388.5,1421,1292100
7732,(株)トプコン,2023/11/17,1510,1534.5,1505,1533.5,442200
7733,オリンパス(株),2023/11/17,2150,2191.5,2145,2188.5,5672800
7734,理研計器(株),2023/11/17,6120,6300,6100,6270,47300
7735,(株)ＳＣＲＥＥＮホールディングス,2023/11/17,9546,9640,9401,9609,2733700
7739,キヤノン電子(株),2023/11/17,1902,1924,1902,1924,43600
7740,(株)タムロン,2023/11/17,4255,4460,4255,4435,104500
7741,ＨＯＹＡ(株),2023/11/17,16610,17020,16605,16935,1939800
7743,(株)シード,2023/11/17,778,833,778,816,166900
7744,ノーリツ鋼機(株),2023/11/17,3100,3195,3090,3115,163800
7745,(株)Ａ＆Ｄホロンホールディングス,2023/11/17,1808,1885,1800,1874,289200
7747,朝日インテック(株),2023/11/17,2862,2873.5,2832,2873.5,757800
7751,キヤノン(株),2023/11/17,3705,3737,3698,3734,2904700
7752,(株)リコー,2023/11/17,1184,1190,1178.5,1189.5,2388800
7762,シチズン時計(株),2023/11/17,874,882,871,882,1381500
7769,リズム(株),2023/11/17,2673,2730,2609,2651,15600
7775,大研医器(株),2023/11/17,524,529,524,529,15600
7780,(株)メニコン,2023/11/17,1972.5,1990,1944.5,1966,455400
7811,中本パックス(株),2023/11/17,1618,1636,1618,1634,10100
7816,(株)スノーピーク,2023/11/17,952,1006,942,1001,1048900
7817,パラマウントベッドホールディングス(株),2023/11/17,2660,2700,2655,2700,84400
7818,(株)トランザクション,2023/11/17,2104,2130,2081,2111,51200
7819,粧美堂(株),2023/11/17,580,603,576,591,132700
7820,ニホンフラッシュ(株),2023/11/17,894,908,894,908,36000
7821,前田工繊(株),2023/11/17,3005,3115,3000,3090,85300
7823,(株)アートネイチャー,2023/11/17,788,795,783,795,40300
7832,(株)バンダイナムコホールディングス,2023/11/17,3065,3072,3018,3044,1607500
7839,(株)ＳＨＯＥＩ,2023/11/17,1851,1909,1838,1908,880700
7840,フランスベッドホールディングス(株),2023/11/17,1248,1268,1246,1268,33500
7844,(株)マーベラス,2023/11/17,691,691,689,691,36100
7846,(株)パイロットコーポレーション,2023/11/17,4500,4561,4500,4561,75900
7856,萩原工業(株),2023/11/17,1615,1634,1615,1631,84600
7860,エイベックス(株),2023/11/17,1312,1327,1312,1327,137300
7864,(株)フジシールインターナショナル,2023/11/17,1654,1685,1653,1685,61900
7867,(株)タカラトミー,2023/11/17,2038.5,2071,2037.5,2071,219900
7868,(株)広済堂ホールディングス,2023/11/17,2995,3230,2981,3210,282500
7874,レック(株),2023/11/17,905,913,900,911,36200
7888,三光合成(株),2023/11/17,554,558,549,557,165300
7893,(株)プロネクサス,2023/11/17,1129,1155,1129,1155,17700
7905,大建工業(株),2023/11/17,2999,3000,2995,3000,8300
7911,ＴＯＰＰＡＮホールディングス(株),2023/11/17,3309,3358,3307,3351,754900
7912,大日本印刷(株),2023/11/17,3976,4030,3952,4025,562900
7914,共同印刷(株),2023/11/17,3530,3645,3530,3645,20100
7915,ＮＩＳＳＨＡ(株),2023/11/17,1482,1515,1482,1515,94500
7917,藤森工業(株),2023/11/17,3775,3865,3775,3855,17700
7918,(株)ヴィア・ホールディングス,2023/11/17,202,213,197,208,2316100
7921,(株)ＴＡＫＡＲＡ　＆　ＣＯＭＰＡＮＹ,2023/11/17,2360,2404,2360,2404,31200
7925,前澤化成工業(株),2023/11/17,1557,1572,1557,1564,39100
7931,未来工業(株),2023/11/17,3380,3380,3295,3335,64300
7936,(株)アシックス,2023/11/17,5187,5420,5168,5350,1533700
7942,(株)ＪＳＰ,2023/11/17,1750,1768,1750,1764,58300
7943,ニチハ(株),2023/11/17,2745,2825,2745,2824,81000
7944,ローランド(株),2023/11/17,4645,4660,4495,4580,119200
7947,(株)エフピコ,2023/11/17,2758,2828,2756,2819,256000
7949,小松ウオール工業(株),2023/11/17,2830,2863,2821,2863,10100
7951,ヤマハ(株),2023/11/17,3417,3448,3384,3417,1288800
7952,(株)河合楽器製作所,2023/11/17,3245,3260,3150,3205,42000
7955,クリナップ(株),2023/11/17,670,681,670,681,32900
7956,ピジョン(株),2023/11/17,1660,1661.5,1647.5,1656,860100
7958,天馬(株),2023/11/17,2414,2438,2392,2418,111700
7962,(株)キングジム,2023/11/17,866,876,866,876,17400
7965,象印マホービン(株),2023/11/17,1533,1535,1503,1528,447400
7966,リンテック(株),2023/11/17,2483,2488,2458,2483,124000
7970,信越ポリマー(株),2023/11/17,1436,1467,1434,1467,319100
7971,東リ(株),2023/11/17,355,372,355,372,346600
7972,(株)イトーキ,2023/11/17,1292,1338,1285,1332,405700
7974,任天堂(株),2023/11/17,7040,7045,6912,6946,3738200
7976,三菱鉛筆(株),2023/11/17,1811,1853,1811,1852,36000
7979,(株)松風,2023/11/17,2450,2508,2450,2499,13700
7981,タカラスタンダード(株),2023/11/17,1743,1795,1738,1795,68800
7984,コクヨ(株),2023/11/17,2348,2379.5,2333,2379.5,204100
7987,ナカバヤシ(株),2023/11/17,519,524,518,524,35600
7988,(株)ニフコ,2023/11/17,3889,3908,3867,3892,176000
7989,立川ブラインド工業(株),2023/11/17,1447,1477,1447,1475,27600
7990,グローブライド(株),2023/11/17,1966,1996,1954,1996,66100
7994,(株)オカムラ,2023/11/17,2200,2243,2195,2243,369500
7995,(株)バルカー,2023/11/17,3755,3810,3755,3805,36900
8001,伊藤忠商事(株),2023/11/17,5989,6143,5975,6132,4553800
8002,丸紅(株),2023/11/17,2351,2380,2343,2380,4246100
8005,(株)スクロール,2023/11/17,908,926,908,926,78400
8007,高島(株),2023/11/17,981,989,979,984,61700
8008,４℃ホールディングス,2023/11/17,1909,1932,1909,1931,35500
8011,(株)三陽商会,2023/11/17,2573,2667,2573,2658,83900
8012,長瀬産業(株),2023/11/17,2279,2297,2274.5,2296.5,217700
8014,蝶理(株),2023/11/17,2795,2851,2795,2851,30100
8015,豊田通商(株),2023/11/17,8648,8725,8526,8710,562600
8016,(株)オンワードホールディングス,2023/11/17,489,495,487,488,846400
8020,兼松(株),2023/11/17,2005,2040,2005,2039,213600
8022,ミズノ(株),2023/11/17,3935,3970,3885,3965,120000
8031,三井物産(株),2023/11/17,5610,5718,5604,5717,2854800
8032,日本紙パルプ商事(株),2023/11/17,4665,4740,4650,4735,13400
8035,東京エレクトロン(株),2023/11/17,23750,24125,23460,24115,3538800
8037,カメイ(株),2023/11/17,1574,1636,1574,1636,54200
8043,スターゼン(株),2023/11/17,2470,2516,2470,2516,12600
8050,セイコーグループ(株),2023/11/17,2532,2543,2492,2515,302000
8051,(株)山善,2023/11/17,1203,1227,1201,1227,117600
8052,椿本興業(株),2023/11/17,5730,5940,5640,5940,18100
8053,住友商事(株),2023/11/17,3208,3252,3198,3245,2479100
8056,ＢＩＰＲＯＧＹ(株),2023/11/17,4111,4189,4110,4168,461400
8057,(株)内田洋行,2023/11/17,6840,7040,6840,6970,44900
8058,三菱商事(株),2023/11/17,7094,7176,7046,7174,4052300
8059,第一実業(株),2023/11/17,1897,1943,1897,1940,37800
8060,キヤノンマーケティングジャパン(株),2023/11/17,3682,3723,3667,3714,51400
8061,西華産業(株),2023/11/17,2460,2487,2447,2478,48900
8065,佐藤商事(株),2023/11/17,1489,1520,1439,1518,22200
8068,菱洋エレクトロ(株),2023/11/17,3520,3560,3505,3560,91000
8070,東京産業(株),2023/11/17,819,830,819,828,24600
8074,ユアサ商事(株),2023/11/17,4300,4385,4300,4385,34200
8075,神鋼商事(株),2023/11/17,5590,5670,5560,5670,14400
8077,トルク(株),2023/11/17,272,275,267,275,149500
8078,阪和興業(株),2023/11/17,4360,4435,4350,4425,153500
8079,正栄食品工業(株),2023/11/17,4395,4470,4395,4460,31600
8081,(株)カナデン,2023/11/17,1454,1471,1448,1470,24400
8084,(株)ＲＹＯＤＥＮ,2023/11/17,2497,2566,2497,2563,33300
8086,ニプロ(株),2023/11/17,1102,1117,1100,1117,408300
8088,岩谷産業(株),2023/11/17,7110,7193,7082,7193,123100
8091,ニチモウ(株),2023/11/17,3895,3975,3895,3940,11300
8093,極東貿易(株),2023/11/17,1768,1817,1768,1817,35800
8095,アステナホールディングス(株),2023/11/17,504,504,498,500,271300
8096,兼松エレクトロニクス(株),2023/11/17,---,---,---,---,---
8097,三愛オブリ(株),2023/11/17,1612,1638,1599,1637,203600
8098,稲畑産業(株),2023/11/17,3150,3200,3150,3200,73700
8101,(株)ＧＳＩクレオス,2023/11/17,1987,2035,1985,2035,49700
8103,明和産業(株),2023/11/17,648,654,647,653,40900
8111,(株)ゴールドウイン,2023/11/17,10820,11075,10820,11055,100400
8113,ユニ・チャーム(株),2023/11/17,4755,4784,4736,4767,1193900
8114,(株)デサント,2023/11/17,4415,4435,4365,4400,156900
8125,(株)ワキタ,2023/11/17,1485,1509,1485,1507,37000
8129,東邦ホールディングス(株),2023/11/17,3374,3397,3357,3393,334100
8130,(株)サンゲツ,2023/11/17,2764,2817,2763,2810,230500
8132,シナネンホールディングス(株),2023/11/17,3820,3890,3805,3885,12700
8133,伊藤忠エネクス(株),2023/11/17,1556,1590,1554,1590,176200
8136,(株)サンリオ,2023/11/17,6550,6702,6546,6702,343400
8137,サンワテクノス(株),2023/11/17,2164,2191,2159,2181,16800
8140,(株)リョーサン,2023/11/17,4610,4705,4610,4685,106500
8141,新光商事(株),2023/11/17,1131,1145,1126,1145,40500
8142,(株)トーホー,2023/11/17,3190,3235,3160,3220,27800
8150,三信電気(株),2023/11/17,2152,2210,2152,2207,18400
8151,(株)東陽テクニカ,2023/11/17,1324,1341,1324,1336,24900
8153,(株)モスフードサービス,2023/11/17,3220,3235,3205,3235,57900
8154,加賀電子(株),2023/11/17,6240,6350,6240,6350,105100
8155,三益半導体工業(株),2023/11/17,2700,2726,2674,2725,56600
8157,都築電気(株),2023/11/17,2078,2126,2078,2126,14400
8158,ソーダニッカ(株),2023/11/17,970,988,970,987,29300
8159,(株)立花エレテック,2023/11/17,2700,2766,2700,2766,23500
8160,(株)木曽路,2023/11/17,2535,2558,2525,2554,59300
8163,ＳＲＳホールディングス(株),2023/11/17,1037,1048,1035,1048,35100
8165,(株)千趣会,2023/11/17,399,400,392,396,209500
8167,(株)リテールパートナーズ,2023/11/17,1767,1820,1767,1820,32800
8168,(株)ケーヨー,2023/11/17,1299,1299,1297,1297,140500
8173,上新電機(株),2023/11/17,2219,2271,2216,2271,68200
8174,日本瓦斯(株),2023/11/17,2374,2391,2361,2391,166900
8179,ロイヤルホールディングス(株),2023/11/17,2647,2677,2640,2669,219300
8182,(株)いなげや,2023/11/17,1586,1600,1585,1600,45200
8185,(株)チヨダ,2023/11/17,822,834,820,830,58200
8194,(株)ライフコーポレーション,2023/11/17,3360,3430,3360,3430,89600
8200,(株)リンガーハット,2023/11/17,2310,2326,2309,2326,55800
8203,(株)ＭｒＭａｘＨＤ,2023/11/17,616,623,616,622,27400
8214,(株)ＡＯＫＩホールディングス,2023/11/17,1052,1090,1050,1090,146100
8217,(株)オークワ,2023/11/17,832,837,831,836,45300
8218,(株)コメリ,2023/11/17,3155,3220,3145,3215,74300
8219,青山商事(株),2023/11/17,1437,1475,1435,1475,379500
8227,(株)しまむら,2023/11/17,14770,14905,14725,14890,96000
8233,(株)高島屋,2023/11/17,1996,2054,1990,2052.5,801900
8237,(株)松屋,2023/11/17,880,887,874,885,114600
8242,エイチ・ツー・オー　リテイリング(株),2023/11/17,1640,1669,1636,1668,345000
8252,(株)丸井グループ,2023/11/17,2223,2263,2217,2261,1257100
8253,(株)クレディセゾン,2023/11/17,2361,2385,2352,2381.5,623500
8255,アクシアル　リテイリング(株),2023/11/17,3800,3850,3785,3845,33100
8267,イオン(株),2023/11/17,3111,3111,3064,3087,1933200
8273,(株)イズミ,2023/11/17,3589,3651,3582,3651,117200
8275,(株)フォーバル,2023/11/17,1194,1219,1184,1219,20300
8276,(株)平和堂,2023/11/17,2239,2280,2226,2280,80000
8278,(株)フジ,2023/11/17,1861,1865,1845,1865,72300
8279,(株)ヤオコー,2023/11/17,7850,7903,7784,7903,39000
8281,ゼビオホールディングス(株),2023/11/17,932,936,928,934,92500
8282,(株)ケーズホールディングス,2023/11/17,1269,1288.5,1266,1287.5,718200
8283,(株)ＰＡＬＴＡＣ,2023/11/17,4714,4798,4714,4798,46100
8285,三谷産業(株),2023/11/17,329,334,329,333,45800
8291,日産東京販売ホールディングス(株),2023/11/17,436,440,422,430,252000
8304,(株)あおぞら銀行,2023/11/17,3026,3036,3013,3029,1427200
8306,(株)三菱ＵＦＪフィナンシャル・グループ,2023/11/17,1249.5,1264,1239,1264,69386000
8308,(株)りそなホールディングス,2023/11/17,756.9,782.4,753,781.5,11226500
8309,三井住友トラスト・ホールディングス(株),2023/11/17,5275,5380,5226,5344,1521000
8316,(株)三井住友フィナンシャルグループ,2023/11/17,7270,7443,7203,7443,7740600
8331,(株)千葉銀行,2023/11/17,1059.5,1086.5,1050,1085,2101100
8334,(株)群馬銀行,2023/11/17,650.7,674.9,645,674.5,1826800
8336,(株)武蔵野銀行,2023/11/17,2682,2759,2670,2750,78600
8337,(株)千葉興業銀行,2023/11/17,830,854,825,853,384800
8338,(株)筑波銀行,2023/11/17,251,257,250,257,572200
8341,(株)七十七銀行,2023/11/17,3250,3305,3225,3290,320400
8343,(株)秋田銀行,2023/11/17,1965,1995,1960,1991,32800
8344,(株)山形銀行,2023/11/17,1071,1077,1059,1071,69300
8345,(株)岩手銀行,2023/11/17,2501,2529,2470,2523,41600
8346,(株)東邦銀行,2023/11/17,280,284,278,283,645600
8354,(株)ふくおかフィナンシャルグループ,2023/11/17,3448,3494,3407,3490,1143600
8355,(株)静岡銀行,2023/11/17,---,---,---,---,---
8358,スルガ銀行(株),2023/11/17,662,692,661,691,1586600
8359,(株)八十二銀行,2023/11/17,765,792,761.3,789.6,1559900
8360,(株)山梨中央銀行,2023/11/17,1839,1898,1818,1868,237800
8361,(株)大垣共立銀行,2023/11/17,1840,1869,1831,1865,130100
8362,(株)福井銀行,2023/11/17,1531,1551,1523,1544,37200
8364,(株)清水銀行,2023/11/17,1537,1570,1536,1562,16400
8366,(株)滋賀銀行,2023/11/17,3740,3830,3705,3805,103300
8367,(株)南都銀行,2023/11/17,2425,2466,2409,2459,122000
8368,(株)百五銀行,2023/11/17,525,534,520,534,453200
8369,(株)京都銀行,2023/11/17,---,---,---,---,---
8370,(株)紀陽銀行,2023/11/17,1541,1577,1532,1573,108300
8377,(株)ほくほくフィナンシャルグループ,2023/11/17,1590,1626,1581.5,1624,417200
8381,(株)山陰合同銀行,2023/11/17,931,950,925,949,357600
8382,(株)中国銀行,2023/11/17,---,---,---,---,---
8385,(株)伊予銀行,2023/11/17,---,---,---,---,---
8386,(株)百十四銀行,2023/11/17,2590,2636,2555,2600,108100
8387,(株)四国銀行,2023/11/17,1000,1015,994,1010,54200
8388,(株)阿波銀行,2023/11/17,2412,2504,2412,2497,81700
8392,(株)大分銀行,2023/11/17,2610,2664,2597,2662,19400
8393,(株)宮崎銀行,2023/11/17,2694,2740,2686,2724,24600
8395,(株)佐賀銀行,2023/11/17,1899,1923,1886,1918,26400
8399,(株)琉球銀行,2023/11/17,1120,1145,1113,1140,80400
8410,(株)セブン銀行,2023/11/17,294,300.8,293.1,300.6,5092600
8411,(株)みずほフィナンシャルグループ,2023/11/17,2467,2533,2452,2533,11805700
8418,(株)山口フィナンシャルグループ,2023/11/17,1247.5,1287,1242.5,1283.5,803800
8424,芙蓉総合リース(株),2023/11/17,11745,12065,11745,12065,42800
8425,みずほリース(株),2023/11/17,4760,4860,4755,4860,87700
8439,東京センチュリー(株),2023/11/17,5543,5604,5520,5604,129000
8473,ＳＢＩホールディングス(株),2023/11/17,3197,3212,3176,3212,2014300
8511,日本証券金融(株),2023/11/17,1500,1507,1487,1500,353300
8515,アイフル(株),2023/11/17,373,377,369,377,1854200
8522,(株)名古屋銀行,2023/11/17,5670,5860,5670,5790,119000
8524,(株)北洋銀行,2023/11/17,370,378,364,378,1574300
8527,(株)愛知銀行,2023/11/17,---,---,---,---,---
8530,(株)中京銀行,2023/11/17,---,---,---,---,---
8541,(株)愛媛銀行,2023/11/17,1035,1048,1028,1043,42700
8544,(株)京葉銀行,2023/11/17,676,692,673,691,372700
8550,(株)栃木銀行,2023/11/17,311,325,311,323,1195400
8551,(株)北日本銀行,2023/11/17,2101,2142,2090,2128,16700
8558,(株)東和銀行,2023/11/17,606,617,603,617,108900
8566,リコーリース(株),2023/11/17,4425,4490,4420,4490,47000
8570,イオンフィナンシャルサービス(株),2023/11/17,1250,1270.5,1244.5,1270,885200
8584,(株)ジャックス,2023/11/17,5110,5220,5110,5220,95000
8585,(株)オリエントコーポレーション,2023/11/17,1056,1067,1053,1067,336800
8591,オリックス(株),2023/11/17,2678,2721,2671,2713.5,3103000
8593,三菱ＨＣキャピタル(株),2023/11/17,938,953.4,934,953.4,5054000
8595,ジャフコ　グループ(株),2023/11/17,1650,1684,1649,1683.5,209000
8600,トモニホールディングス(株),2023/11/17,463,476,460,475,303700
8601,(株)大和証券グループ本社,2023/11/17,960,983.1,958,982.4,7444200
8604,野村ホールディングス(株),2023/11/17,605,615.9,604.9,615.9,8787400
8609,(株)岡三証券グループ,2023/11/17,681,701,681,700,535000
8613,丸三証券(株),2023/11/17,853,872,850,866,447800
8614,東洋証券(株),2023/11/17,299,301,294,300,115800
8616,東海東京フィナンシャル・ホールディングス(株),2023/11/17,524,540,522,539,808500
8622,水戸証券(株),2023/11/17,431,443,430,442,229400
8624,いちよし証券(株),2023/11/17,703,713,701,713,75300
8628,松井証券(株),2023/11/17,748,753,747,752,684900
8630,ＳＯＭＰＯホールディングス(株),2023/11/17,6355,6446,6313,6439,1445300
8697,(株)日本取引所グループ,2023/11/17,3088,3118,3075,3107,1359600
8698,マネックスグループ(株),2023/11/17,643,653,640,649,1577300
8706,極東証券(株),2023/11/17,1035,1071,1030,1067,113700
8707,岩井コスモホールディングス(株),2023/11/17,1728,1767,1728,1766,35600
8708,アイザワ証券グループ(株),2023/11/17,1135,1166,1135,1165,40100
8713,フィデアホールディングス(株),2023/11/17,1470,1485,1454,1485,72600
8714,(株)池田泉州ホールディングス,2023/11/17,347,356,346,356,1825400
8715,アニコム　ホールディングス(株),2023/11/17,577,587,576,587,185800
8725,ＭＳ＆ＡＤインシュアランスグループホールディングス(株),2023/11/17,5531,5608,5512,5600,1679300
8732,(株)マネーパートナーズグループ,2023/11/17,285,288,284,288,47700
8739,スパークス・グループ(株),2023/11/17,1432,1461,1432,1461,24400
8750,第一生命ホールディングス(株),2023/11/17,3030,3071,2991,3071,2614700
8766,東京海上ホールディングス(株),2023/11/17,3455,3500,3451,3500,4107500
8769,(株)アドバンテッジリスクマネジメント,2023/11/17,449,457,447,457,18900
8771,イー・ギャランティ(株),2023/11/17,1822,1824,1792,1819,110900
8793,ＮＥＣキャピタルソリューション(株),2023/11/17,3220,3280,3215,3280,18000
8795,(株)Ｔ＆Ｄホールディングス,2023/11/17,2257,2343.5,2239.5,2332,4667000
8798,(株)アドバンスクリエイト,2023/11/17,959,970,957,970,20400
8801,三井不動産(株),2023/11/17,3460,3507,3454,3483,2414800
8802,三菱地所(株),2023/11/17,1967,1987,1928,1931.5,5446600
8803,平和不動産(株),2023/11/17,3915,3945,3900,3925,58000
8804,東京建物(株),2023/11/17,2142,2157,2124,2128.5,752300
8818,京阪神ビルディング(株),2023/11/17,1316,1341,1316,1334,71600
8830,住友不動産(株),2023/11/17,4311,4318,4138,4151,2430800
8842,(株)東京楽天地,2023/11/17,4165,4210,4165,4195,2400
8848,(株)レオパレス２１,2023/11/17,426,443,423,443,7474700
8850,スターツコーポレーション(株),2023/11/17,2816,2836,2803,2834,53400
8860,フジ住宅(株),2023/11/17,693,694,690,694,65100
8864,空港施設(株),2023/11/17,565,566,561,566,45000
8869,明和地所(株),2023/11/17,1129,1146,1126,1145,61800
8871,(株)ゴールドクレスト,2023/11/17,2015,2047,2012,2043,32900
8876,(株)リログループ,2023/11/17,1525,1527.5,1504,1520,360600
8877,エスリード(株),2023/11/17,3055,3105,3055,3105,14200
8881,(株)日神グループホールディングス,2023/11/17,492,495,490,493,55700
8892,(株)日本エスコン,2023/11/17,893,902,892,901,161000
8897,ＭＩＲＡＲＴＨホールディングス(株),2023/11/17,452,453,449,453,196600
8904,(株)ＡＶＡＮＴＩＡ,2023/11/17,840,848,840,846,67700
8905,イオンモール(株),2023/11/17,1742.5,1744.5,1734,1737.5,455200
8917,ファースト住建(株),2023/11/17,1110,1121,1109,1109,44300
8919,(株)カチタス,2023/11/17,2156,2190,2152,2171,249500
8923,トーセイ(株),2023/11/17,1905,1914,1898,1912,191700
8934,サンフロンティア不動産(株),2023/11/17,1548,1576,1548,1576,164300
8935,(株)ＦＪネクストホールディングス,2023/11/17,1170,1177,1170,1172,21900
8940,(株)インテリックス,2023/11/17,503,511,502,509,12700
8945,サンネクスタグループ(株),2023/11/17,946,958,944,954,6400
8999,グランディハウス(株),2023/11/17,572,579,572,579,72500
9001,東武鉄道(株),2023/11/17,3720,3768,3704,3756,377400
9003,相鉄ホールディングス(株),2023/11/17,2661,2700,2660.5,2700,129900
9005,東急(株),2023/11/17,1754,1787.5,1747,1784.5,1309600
9006,京浜急行電鉄(株),2023/11/17,1304,1331.5,1302.5,1331.5,793100
9007,小田急電鉄(株),2023/11/17,2237,2266.5,2230,2266.5,1092700
9008,京王電鉄(株),2023/11/17,4043,4122,4034,4120,970500
9009,京成電鉄(株),2023/11/17,6201,6296,6170,6293,541800
9010,富士急行(株),2023/11/17,4150,4200,4140,4200,82500
9020,東日本旅客鉄道(株),2023/11/17,7842,7969,7842,7969,1207300
9021,西日本旅客鉄道(株),2023/11/17,5820,5949,5806,5949,1470100
9022,東海旅客鉄道(株),2023/11/17,3494,3564,3491,3558,2768300
9024,(株)西武ホールディングス,2023/11/17,1567,1639,1557.5,1636.5,4472300
9025,鴻池運輸(株),2023/11/17,1980,2001,1968,1972,183500
9031,西日本鉄道(株),2023/11/17,2408.5,2448,2401,2448,108000
9037,(株)ハマキョウレックス,2023/11/17,3895,3960,3895,3955,14100
9039,(株)サカイ引越センター,2023/11/17,2536,2587,2526,2586,41600
9041,近鉄グループホールディングス(株),2023/11/17,4180,4223,4150,4218,509000
9042,阪急阪神ホールディングス(株),2023/11/17,4582,4695,4572,4681,611900
9044,南海電気鉄道(株),2023/11/17,2897.5,2929,2883.5,2929,368500
9045,京阪ホールディングス(株),2023/11/17,3816,3867,3788,3864,167400
9046,神戸電鉄(株),2023/11/17,2888,2925,2872,2922,11500
9048,名古屋鉄道(株),2023/11/17,2090.5,2126,2088.5,2118.5,567500
9052,山陽電気鉄道(株),2023/11/17,2097,2127,2097,2127,19100
9055,(株)アルプス物流,2023/11/17,1601,1611,1582,1611,29300
9058,トランコム(株),2023/11/17,7510,7620,7510,7620,14800
9064,ヤマトホールディングス(株),2023/11/17,2584,2593.5,2568,2591.5,894700
9065,山九(株),2023/11/17,4913,4994,4910,4994,147800
9066,(株)日新,2023/11/17,2500,2534,2493,2534,32000
9068,丸全昭和運輸(株),2023/11/17,3870,3940,3870,3935,20100
9069,センコーグループホールディングス(株),2023/11/17,1058,1071,1054,1071,194100
9070,トナミホールディングス(株),2023/11/17,4365,4475,4365,4475,4600
9072,ニッコンホールディングス(株),2023/11/17,3220,3283,3206,3277,115300
9075,福山通運(株),2023/11/17,3575,3690,3575,3690,102000
9076,セイノーホールディングス(株),2023/11/17,2060.5,2113.5,2060.5,2103.5,783800
9081,神奈川中央交通(株),2023/11/17,3100,3115,3095,3115,11000
9086,(株)日立物流,2023/11/17,---,---,---,---,---
9090,ＡＺ−ＣＯＭ丸和ホールディングス(株),2023/11/17,1959,1983,1943,1983,76200
9099,(株)Ｃ＆Ｆロジホールディングス,2023/11/17,1490,1490,1436,1465,121000
9101,日本郵船(株),2023/11/17,3700,3800,3685,3798,4983800
9104,(株)商船三井,2023/11/17,3818,3881,3797,3881,3763700
9107,川崎汽船(株),2023/11/17,4700,4800,4664,4790,7182900
9110,ＮＳユナイテッド海運(株),2023/11/17,4450,4535,4420,4535,93800
9119,飯野海運(株),2023/11/17,1125,1148,1113,1147,329000
9142,九州旅客鉄道(株),2023/11/17,3045,3099,3040,3099,678900
9143,ＳＧホールディングス(株),2023/11/17,2152,2173.5,2145,2158,1120500
9147,ＮＩＰＰＯＮ　ＥＸＰＲＥＳＳホールディングス(株),2023/11/17,7519,7635,7505,7628,420900
9201,日本航空(株),2023/11/17,2821.5,2887.5,2821.5,2886,3924800
9202,ＡＮＡホールディングス(株),2023/11/17,3029,3126,3029,3124,5441400
9216,ビーウィズ(株),2023/11/17,2170,2207,2148,2175,22700
9247,ＴＲＥホールディングス(株),2023/11/17,1131,1140,1120,1140,156400
9248,人・夢・技術グループ(株),2023/11/17,1828,1838,1786,1824,23000
9260,西本Ｗｉｓｍｅｔｔａｃホールディングス(株),2023/11/17,6690,6810,6690,6790,39400
9262,(株)シルバーライフ,2023/11/17,1020,1027,1012,1027,35000
9267,Ｇｅｎｋｙ　ＤｒｕｇＳｔｏｒｅｓ(株),2023/11/17,5120,5160,5050,5090,35700
9273,コーア商事ホールディングス(株),2023/11/17,761,769,756,758,27700
9274,ＫＰＰグループホールディングス(株),2023/11/17,668,680,667,679,250700
9278,ブックオフグループホールディングス(株),2023/11/17,1042,1049,1035,1049,54100
9279,(株)ギフトホールディングス,2023/11/17,2104,2139,2094,2130,124500
9301,三菱倉庫(株),2023/11/17,4323,4421,4323,4410,182300
9302,三井倉庫ホールディングス(株),2023/11/17,4615,4745,4615,4735,78900
9303,(株)住友倉庫,2023/11/17,2372,2418,2370,2415,151800
9304,澁澤倉庫(株),2023/11/17,2749,2805,2741,2801,19300
9305,(株)ヤマタネ,2023/11/17,2215,2217,2197,2200,24700
9310,日本トランスシティ(株),2023/11/17,625,633,624,632,50900
9319,(株)中央倉庫,2023/11/17,1077,1087,1075,1085,26900
9324,安田倉庫(株),2023/11/17,1086,1100,1082,1100,10500
9325,ファイズホールディングス(株),2023/11/17,968,979,961,975,40600
9351,東洋埠頭(株),2023/11/17,1366,1373,1358,1370,2100
9364,(株)上組,2023/11/17,3158,3208,3144,3205,150300
9375,(株)近鉄エクスプレス,2023/11/17,---,---,---,---,---
9381,(株)エーアイテイー,2023/11/17,1652,1661,1641,1656,25900
9384,内外トランスライン(株),2023/11/17,2437,2442,2416,2435,22100
9385,(株)ショーエイコーポレーション,2023/11/17,584,590,584,587,8100
9386,日本コンセプト(株),2023/11/17,1695,1695,1600,1653,52200
9401,(株)ＴＢＳホールディングス,2023/11/17,2560,2614,2550.5,2610.5,409700
9404,日本テレビホールディングス(株),2023/11/17,1431,1442.5,1421.5,1442.5,524100
9405,朝日放送グループホールディングス(株),2023/11/17,630,634,630,634,76100
9409,(株)テレビ朝日ホールディングス,2023/11/17,1582,1618,1577,1618,164600
9412,(株)スカパーＪＳＡＴホールディングス,2023/11/17,676,682,673,682,521900
9413,(株)テレビ東京ホールディングス,2023/11/17,2828,2873,2820,2852,44600
9416,(株)ビジョン,2023/11/17,1198,1200,1148,1174,554200
9418,(株)ＵＳＥＮ−ＮＥＸＴ　ＨＯＬＤＩＮＧＳ,2023/11/17,3500,3550,3490,3535,131800
9419,(株)ワイヤレスゲート,2023/11/17,191,195,189,195,68200
9422,コネクシオ(株),2023/11/17,---,---,---,---,---
9424,日本通信(株),2023/11/17,211,213,209,212,2339800
9432,日本電信電話(株),2023/11/17,173.1,175.4,172.9,175.4,119137900
9433,ＫＤＤＩ(株),2023/11/17,4601,4666,4579,4651,3794000
9434,ソフトバンク(株),2023/11/17,1757,1767,1755,1763,6466900
9435,(株)光通信,2023/11/17,22500,22600,22370,22575,76800
9438,(株)エムティーアイ,2023/11/17,575,587,572,586,19000
9449,ＧＭＯインターネットグループ(株),2023/11/17,2337,2339,2306,2336.5,211800
9450,(株)ファイバーゲート,2023/11/17,1040,1057,1007,1030,172400
9468,(株)ＫＡＤＯＫＡＷＡ,2023/11/17,2699,2707,2670,2686.5,466500
9470,(株)学研ホールディングス,2023/11/17,938,951,935,948,303400
9474,(株)ゼンリン,2023/11/17,883,891,874,889,169200
9501,東京電力ホールディングス(株),2023/11/17,649,662,646.1,662,18725500
9502,中部電力(株),2023/11/17,1818,1842,1814,1842,1937200
9503,関西電力(株),2023/11/17,1922,1975,1921.5,1975,3726500
9504,中国電力(株),2023/11/17,973.9,993.6,973.2,993.6,2234000
9505,北陸電力(株),2023/11/17,747,757.7,739,757.5,891300
9506,東北電力(株),2023/11/17,940,951,936.4,950.9,1553700
9507,四国電力(株),2023/11/17,1030,1049,1030,1049,467300
9508,九州電力(株),2023/11/17,1011,1028.5,1007,1028.5,1948300
9509,北海道電力(株),2023/11/17,635,646.5,634.8,646.5,710500
9511,沖縄電力(株),2023/11/17,1054,1061,1050,1061,152800
9513,Ｊ−ＰＯＷＥＲ,2023/11/17,2331,2339.5,2307.5,2323.5,745100
9514,(株)エフオン,2023/11/17,454,462,452,460,169100
9517,イーレックス(株),2023/11/17,660,673,648,670,677800
9519,(株)レノバ,2023/11/17,1135,1156,1111,1136,1012100
9531,東京ガス(株),2023/11/17,3304,3352,3292,3345,1231700
9532,大阪ガス(株),2023/11/17,2879,2915.5,2875.5,2912,1359700
9533,東邦ガス(株),2023/11/17,2651.5,2670,2634,2649,310200
9534,北海道ガス(株),2023/11/17,2305,2328,2300,2328,15800
9535,広島ガス(株),2023/11/17,374,377,373,377,56200
9536,西部ガスホールディングス(株),2023/11/17,1883,1887,1870,1887,40100
9543,静岡ガス(株),2023/11/17,1007,1024,1000,1024,197500
9551,メタウォーター(株),2023/11/17,1976,2017,1973,2014,97000
9600,(株)アイネット,2023/11/17,1765,1806,1762,1798,25800
9601,松竹(株),2023/11/17,9522,9627,9423,9627,55900
9602,東宝(株),2023/11/17,5091,5111,5070,5101,316800
9603,(株)エイチ・アイ・エス,2023/11/17,1722,1760,1720,1756,487200
9605,東映(株),2023/11/17,18000,18210,17810,18210,22900
9612,(株)ラックランド,2023/11/17,2564,2628,2564,2621,53900
9613,(株)ＮＴＴデータグループ,2023/11/17,1850,1872.5,1844.5,1872.5,2892600
9616,(株)共立メンテナンス,2023/11/17,5968,6038,5954,6038,224500
9619,(株)イチネンホールディングス,2023/11/17,1503,1563,1501,1563,40100
9621,(株)建設技術研究所,2023/11/17,4760,4930,4740,4780,79500
9622,(株)スペース,2023/11/17,897,905,897,905,22500
9627,(株)アインホールディングス,2023/11/17,4202,4253,4202,4253,70500
9628,燦ホールディングス(株),2023/11/17,1080,1093,1075,1093,38300
9629,ピー・シー・エー(株),2023/11/17,1132,1180,1132,1174,23800
9644,(株)タナベコンサルティンググループ,2023/11/17,1011,1028,1011,1027,17100
9658,(株)ビジネスブレイン太田昭和,2023/11/17,2077,2121,2077,2099,62700
9663,(株)ナガワ,2023/11/17,6400,6450,6360,6430,8700
9672,東京都競馬(株),2023/11/17,4220,4255,4195,4235,109500
9678,(株)カナモト,2023/11/17,2560,2587,2545,2587,166700
9682,(株)ＤＴＳ,2023/11/17,3255,3320,3250,3310,48300
9684,(株)スクウェア・エニックス・ホールディングス,2023/11/17,5352,5365,5180,5203,952800
9692,(株)シーイーシー,2023/11/17,1685,1724,1685,1724,81700
9697,(株)カプコン,2023/11/17,5119,5145,5094,5137,558800
9699,ニシオホールディングス(株),2023/11/17,3470,3600,3470,3600,48800
9702,(株)アイ・エス・ビー,2023/11/17,1443,1477,1439,1477,25100
9706,日本空港ビルデング(株),2023/11/17,6692,6771,6657,6771,186900
9715,トランスコスモス(株),2023/11/17,3095,3135,3075,3130,62100
9716,(株)乃村工藝社,2023/11/17,827,831,821,831,674800
9717,(株)ジャステック,2023/11/17,1524,1528,1514,1522,68500
9719,ＳＣＳＫ(株),2023/11/17,2699,2753.5,2684,2753.5,832900
9722,藤田観光(株),2023/11/17,3935,4015,3905,3990,85600
9728,日本管財(株),2023/11/17,---,---,---,---,---
9729,(株)トーカイ,2023/11/17,1889,1920,1888,1919,92800
9735,セコム(株),2023/11/17,10550,10625,10465,10595,388900
9739,ＮＳＷ(株),2023/11/17,2794,2846,2791,2846,10500
9740,ＣＳＰ,2023/11/17,2492,2522,2478,2518,30600
9742,(株)アイネス,2023/11/17,1538,1548,1528,1544,18000
9743,(株)丹青社,2023/11/17,885,892,880,892,87900
9744,(株)メイテックグループホールディングス,2023/11/17,2900,2931.5,2892,2931.5,196100
9746,(株)ＴＫＣ,2023/11/17,3470,3510,3465,3510,28700
9749,富士ソフト(株),2023/11/17,5500,5550,5430,5450,121300
9755,応用地質(株),2023/11/17,2072,2103,2072,2086,23900
9757,(株)船井総研ホールディングス,2023/11/17,2491,2519,2477,2519,61100
9759,(株)ＮＳＤ,2023/11/17,2572,2617,2566,2617,212300
9765,(株)オオバ,2023/11/17,933,941,932,935,50100
9766,コナミグループ(株),2023/11/17,7690,7725,7642,7660,483700
9769,(株)学究社,2023/11/17,1940,1962,1939,1959,15200
9783,(株)ベネッセホールディングス,2023/11/17,2594.5,2599.5,2594,2599.5,3466900
9787,イオンディライト(株),2023/11/17,3380,3415,3365,3415,45700
9788,(株)ナック,2023/11/17,970,976,970,974,7700
9790,福井コンピュータホールディングス(株),2023/11/17,2569,2595,2560,2594,19700
9793,(株)ダイセキ,2023/11/17,3975,4075,3960,4070,65400
9795,(株)ステップ,2023/11/17,1846,1870,1839,1869,34000
9810,日鉄物産(株),2023/11/17,---,---,---,---,---
9824,泉州電業(株),2023/11/17,3170,3230,3170,3230,49500
9830,トラスコ中山(株),2023/11/17,2251,2290,2243,2289,62100
9831,(株)ヤマダホールディングス,2023/11/17,422,428.9,421,428.9,5088100
9832,(株)オートバックスセブン,2023/11/17,1510,1529.5,1510,1528.5,175300
9837,モリト(株),2023/11/17,1316,1341,1314,1341,61300
9842,アークランズ(株),2023/11/17,1609,1621,1603,1621,231200
9843,(株)ニトリホールディングス,2023/11/17,15180,15285,14965,15010,599300
9850,(株)グルメ杵屋,2023/11/17,1068,1078,1067,1074,23500
9861,(株)吉野家ホールディングス,2023/11/17,3379,3408,3367,3405,194300
9869,加藤産業(株),2023/11/17,4600,4665,4595,4650,30500
9880,イノテック(株),2023/11/17,1645,1670,1645,1670,24200
9882,(株)イエローハット,2023/11/17,1720,1730,1714,1730,105200
9887,(株)松屋フーズホールディングス,2023/11/17,4740,4820,4710,4820,32400
9889,ＪＢＣＣホールディングス(株),2023/11/17,3240,3340,3225,3330,57900
9896,ＪＫホールディングス(株),2023/11/17,954,961,953,961,22900
9900,(株)サガミホールディングス,2023/11/17,1360,1383,1354,1383,65500
9902,(株)日伝,2023/11/17,2524,2588,2518,2588,25400
9928,(株)ミロク情報サービス,2023/11/17,1547,1573,1544,1569,45900
9932,杉本商事(株),2023/11/17,2177,2218,2177,2218,6500
9934,因幡電機産業(株),2023/11/17,3225,3265,3220,3260,60900
9936,(株)王将フードサービス,2023/11/17,7890,7960,7850,7960,33400
9945,(株)プレナス,2023/11/17,---,---,---,---,---
9946,ミニストップ(株),2023/11/17,1520,1529,1516,1529,32000
9948,(株)アークス,2023/11/17,2724,2798,2724,2798,74300
9956,(株)バローホールディングス,2023/11/17,2285,2341,2276,2340,99500
9960,東テク(株),2023/11/17,4830,4895,4825,4885,9400
9962,(株)ミスミグループ本社,2023/11/17,2484.5,2484.5,2447,2481,824900
9974,(株)ベルク,2023/11/17,6550,6620,6550,6620,19400
9983,(株)ファーストリテイリング,2023/11/17,36780,36980,36570,36700,960900
9984,ソフトバンクグループ(株),2023/11/17,6081,6113,6057,6073,6964300
9987,(株)スズケン,2023/11/17,4945,5077,4941,5077,296500
9989,(株)サンドラッグ,2023/11/17,4205,4302,4202,4302,365700
9990,(株)サックスバー　ホールディングス,2023/11/17,902,929,902,927,88000
9991,ジェコス(株),2023/11/17,975,990,975,990,25900
9995,(株)グローセル,2023/11/17,430,438,429,438,51300
9997,(株)ベルーナ,2023/11/17,613,618,611,616,477000
998405,TOPIX,2023/11/17,2360.7,2391.05,2360.11,2391.05,null
998407,日経平均株価,2023/11/17,33344.85,33599.63,33263.67,33585.2,null
5040469,日経平均先物1限月,2023/11/17,33450,33610,33210,33600,43506
